customer_id,age,customer_tenure_years,annual_income,average_account_balance,monthly_spending,transaction_count,average_transaction_amount,recency_days,debit_ratio,credit_ratio,digital_usage_score,mobile_app_login_frequency,digital_transaction_ratio,products_held,engagement_score,spending_trend
C000001,22,6.5,153580,237304,8123.64,50,183.03,1.2,0.802,0.198,0.724,17.0,0.48,3,0.738,0.119
C000002,22,2.0,40691,198154,1694.73,41,100.0,1.8,0.686,0.314,0.578,2.0,0.398,3,0.604,0.112
C000003,56,3.3,76144,118768,3134.01,38,100.27,4.4,0.722,0.278,0.488,18.0,0.513,2,0.504,0.181
C000004,47,6.9,230937,791865,8689.07,48,204.95,3.7,0.715,0.285,0.847,15.0,0.568,3,0.612,0.064
C000005,21,7.7,194430,1379040,4374.95,57,100.0,21.0,0.566,0.434,0.706,3.0,0.896,2,0.387,0.205
C000006,47,6.5,69776,141956,3378.64,40,100.0,16.0,0.915,0.085,0.699,9.0,0.391,4,0.537,0.121
C000007,32,15.9,76951,592471,5312.78,19,276.22,31.9,0.841,0.159,0.491,4.0,0.414,5,0.277,-0.077
C000008,58,9.7,46477,111964,1000.0,7,162.03,180.0,0.768,0.232,0.12,1.0,0.105,2,0.19,0.017
C000009,36,3.7,56869,61634,2813.65,38,100.0,8.6,0.719,0.281,0.213,10.0,0.206,4,0.506,-0.146
C000010,51,13.7,46470,48989,1458.12,16,100.0,14.9,0.607,0.393,0.284,6.0,0.196,3,0.293,-0.265
C000011,49,4.8,33360,328453,1000.0,29,100.0,8.3,0.792,0.208,0.802,12.0,0.527,1,0.596,-0.189
C000012,68,5.3,255850,432737,14227.09,50,311.0,6.3,0.759,0.241,0.569,14.0,0.506,5,0.712,-0.049
C000013,40,6.8,95948,499625,2401.29,43,100.0,6.4,0.751,0.249,0.776,13.0,0.644,3,0.657,0.065
C000014,29,4.2,132824,453514,5065.06,61,100.0,20.2,0.717,0.283,0.879,14.0,0.675,6,0.753,-0.029
C000015,42,8.0,45253,150135,1462.64,30,100.0,12.8,0.651,0.349,0.876,15.0,0.871,1,0.622,-0.048
C000016,54,2.0,66693,167247,1916.31,41,100.0,3.8,0.815,0.185,0.608,18.0,0.602,2,0.521,0.114
C000017,51,12.0,57612,213731,1307.3,8,275.31,171.3,0.531,0.469,0.011,0.0,0.095,1,0.241,-0.374
C000018,58,9.1,126100,770007,6929.81,38,209.64,11.9,0.595,0.405,0.229,0.0,0.142,2,0.625,-0.155
C000019,37,5.0,98437,287488,2643.41,19,175.45,57.2,0.453,0.547,0.584,14.0,0.604,1,0.468,-0.175
C000020,48,7.8,61315,284984,2207.99,41,100.0,14.4,0.775,0.225,0.771,17.0,0.579,4,0.642,0.025
C000021,41,15.9,63249,357628,3019.08,46,100.0,4.0,0.775,0.225,0.408,7.0,0.388,2,0.543,-0.19
C000022,60,3.3,40295,43404,1000.0,13,100.0,52.9,0.627,0.373,0.467,11.0,0.617,1,0.239,0.029
C000023,51,7.1,96216,470785,4264.49,45,107.06,3.0,0.732,0.268,0.59,14.0,0.4,2,0.709,0.104
C000024,45,5.0,308975,777550,17535.09,63,360.92,17.6,0.527,0.473,0.767,8.0,0.619,5,0.748,0.136
C000025,42,1.5,68284,558854,4263.61,52,100.0,6.1,0.658,0.342,0.617,9.0,0.347,1,0.532,-0.005
C000026,46,4.8,272967,1842434,15579.77,53,255.0,6.5,0.519,0.481,0.935,17.0,0.582,4,0.616,-0.019
C000027,24,4.4,93685,184061,4179.14,15,326.64,66.1,0.435,0.565,0.355,14.0,0.432,1,0.24,-0.282
C000028,35,7.2,202585,1332176,10943.6,45,260.44,7.7,0.606,0.394,0.85,18.0,0.98,3,0.708,0.255
C000029,48,10.9,112506,485476,3445.04,29,123.79,22.1,0.671,0.329,0.359,9.0,0.397,2,0.647,-0.1
C000030,36,15.5,68116,249769,2288.26,4,614.67,89.2,0.892,0.108,0.209,3.0,0.025,3,0.19,-0.182
C000031,51,5.7,74331,399427,2408.89,19,149.58,34.8,0.665,0.335,0.413,6.0,0.611,1,0.281,-0.095
C000032,52,9.9,46478,501856,1963.89,22,127.38,10.2,0.711,0.289,0.836,8.0,0.577,1,0.474,-0.007
C000033,37,16.7,41887,79932,1396.97,19,108.58,82.1,0.592,0.408,0.46,14.0,0.435,1,0.254,-0.075
C000034,43,2.2,77898,475689,3891.82,50,105.21,11.2,0.641,0.359,0.436,10.0,0.27,4,0.424,-0.031
C000035,21,6.9,83077,144661,3032.34,29,107.9,0.7,0.782,0.218,0.645,15.0,0.329,2,0.554,-0.186
C000036,58,7.1,56817,250642,1670.93,25,100.0,7.4,0.551,0.449,0.578,9.0,0.331,2,0.624,0.036
C000037,34,4.5,131405,108884,5045.4,59,100.0,17.5,0.746,0.254,0.781,9.0,0.608,1,0.677,0.063
C000038,53,4.0,66486,461713,2430.01,44,100.0,15.5,0.801,0.199,0.866,14.0,0.609,1,0.71,0.042
C000039,37,3.9,80647,485127,3727.03,29,126.49,7.2,0.804,0.196,0.34,5.0,0.385,2,0.448,0.155
C000040,41,11.5,49918,56434,3349.04,41,100.0,18.2,0.799,0.201,0.77,18.0,0.8,3,0.6,-0.295
C000041,35,7.2,55005,245757,2158.21,28,100.0,3.5,0.861,0.139,0.348,9.0,0.5,1,0.496,0.034
C000042,70,6.4,128787,1037094,4962.85,42,100.0,6.7,0.722,0.278,0.652,13.0,0.471,5,0.638,-0.077
C000043,25,4.5,115765,629061,4951.26,45,105.21,4.4,0.662,0.338,0.644,18.0,0.522,2,0.481,-0.03
C000044,35,10.1,224914,664091,13916.36,54,198.12,13.8,0.653,0.347,0.766,8.0,0.536,5,0.94,-0.071
C000045,55,6.1,52723,401578,2981.14,44,100.0,1.0,0.684,0.316,0.397,12.0,0.282,2,0.664,-0.04
C000046,36,16.8,104648,967901,3560.45,48,116.29,9.8,0.742,0.258,0.379,9.0,0.106,3,0.564,-0.143
C000047,57,7.1,86099,365050,3409.69,32,141.04,10.8,0.73,0.27,0.689,20.0,0.561,2,0.496,0.086
C000048,30,2.1,47472,311560,1653.61,26,100.0,0.1,0.621,0.379,0.636,8.0,0.573,1,0.488,0.015
C000049,23,6.4,200412,197133,7672.27,49,100.0,22.1,0.594,0.406,0.581,15.0,0.475,4,0.702,0.18
C000050,37,7.3,57359,72119,1904.84,19,100.0,7.2,0.408,0.592,0.134,10.0,0.25,2,0.633,-0.215
C000051,41,6.8,88764,484908,3571.59,37,105.13,14.6,0.723,0.277,0.568,6.0,0.451,3,0.558,-0.201
C000052,39,5.3,42552,85458,1252.19,27,100.0,24.7,0.859,0.141,0.601,14.0,0.247,1,0.483,0.009
C000053,38,10.1,54924,376121,3300.94,48,100.0,1.4,0.525,0.475,0.552,10.0,0.543,2,0.713,0.163
C000054,37,3.7,114918,348817,5793.47,47,100.0,8.1,0.775,0.225,0.69,18.0,0.644,2,0.62,-0.077
C000055,33,6.6,89759,252562,4318.24,42,101.62,7.8,0.857,0.143,0.805,11.0,0.466,2,0.719,0.224
C000056,40,2.2,78353,183785,2904.8,42,109.92,2.1,0.856,0.144,0.578,12.0,0.568,2,0.668,0.012
C000057,50,6.2,60590,491047,2530.06,24,116.41,14.1,0.644,0.356,0.868,14.0,0.593,2,0.434,0.007
C000058,48,6.2,51697,102501,1758.16,19,100.0,11.8,0.743,0.257,0.628,13.0,0.534,3,0.602,-0.105
C000059,34,7.0,104581,123696,3391.93,53,100.0,8.4,0.629,0.371,0.998,18.0,0.663,3,0.787,-0.013
C000060,45,16.9,109380,299489,5537.01,37,141.05,14.8,0.617,0.383,0.574,7.0,0.419,3,0.669,-0.137
C000061,28,8.1,44549,158536,1518.05,14,108.28,42.0,0.693,0.307,0.468,18.0,0.224,1,0.425,0.095
C000062,38,8.4,146030,1839596,9350.3,56,170.63,27.5,0.832,0.168,1.0,16.0,0.784,1,0.565,-0.082
C000063,46,10.6,63559,565185,4146.43,46,102.09,7.1,0.55,0.45,0.398,5.0,0.138,5,0.676,-0.071
C000064,36,2.7,71050,405204,2209.45,33,100.0,2.4,0.89,0.11,0.593,5.0,0.364,1,0.616,0.167
C000065,53,8.0,32962,216370,1000.0,30,100.0,3.3,0.596,0.404,0.952,19.0,0.595,1,0.577,-0.063
C000066,34,2.3,76211,285887,1223.04,20,100.0,19.4,0.785,0.215,0.433,10.0,0.38,1,0.359,0.002
C000067,35,12.0,48672,219270,1000.0,6,179.04,105.2,0.939,0.061,0.293,6.0,0.158,1,0.382,-0.285
C000068,43,10.7,156834,123090,7536.07,52,115.22,12.4,0.511,0.489,0.608,11.0,0.411,7,0.608,-0.001
C000069,43,7.1,183576,717496,7187.83,55,130.5,18.1,0.695,0.305,0.631,9.0,0.453,5,0.543,0.175
C000070,38,11.3,187659,351909,5062.75,49,169.75,2.0,0.691,0.309,0.75,10.0,0.744,2,0.681,-0.14
C000071,43,9.2,56520,99660,2487.62,35,100.0,1.9,0.432,0.568,0.396,7.0,0.411,1,0.445,-0.017
C000072,36,11.4,347796,1655592,16358.91,65,227.82,50.1,0.853,0.147,0.674,13.0,0.616,3,0.526,0.074
C000073,26,6.3,65480,169019,2573.73,20,118.3,31.2,0.502,0.498,0.144,0.0,0.0,3,0.523,0.033
C000074,52,18.0,158158,1011371,5589.75,60,117.98,9.8,0.724,0.276,0.935,7.0,0.716,6,0.748,-0.159
C000075,70,5.6,118289,1001561,5747.39,57,100.0,3.7,0.639,0.361,0.585,6.0,0.32,1,0.7,0.119
C000076,34,7.9,208718,1637487,14206.35,56,195.72,33.5,0.674,0.326,0.714,10.0,0.444,6,0.768,0.063
C000077,33,5.9,63635,380672,2379.49,15,220.39,38.3,0.72,0.28,0.438,9.0,0.322,1,0.315,0.019
C000078,53,5.4,43703,72449,1024.07,12,100.0,175.4,0.738,0.262,0.528,9.0,0.337,2,0.487,-0.489
C000079,22,4.1,84790,816219,2288.29,36,100.0,7.1,0.686,0.314,0.796,11.0,0.459,1,0.892,-0.059
C000080,28,12.0,125984,467822,7145.79,47,157.77,5.7,0.732,0.268,0.691,8.0,0.312,4,0.649,-0.117
C000081,47,13.4,80001,329872,3617.86,63,100.0,3.9,0.687,0.313,0.588,12.0,0.509,3,0.435,-0.115
C000082,39,9.4,80732,176555,2585.54,45,100.0,15.2,0.646,0.354,0.349,5.0,0.164,2,0.522,0.06
C000083,41,8.3,103116,928264,6085.33,46,127.99,6.7,0.53,0.47,0.547,11.0,0.609,1,0.728,-0.203
C000084,64,2.9,66134,143917,2070.99,30,100.0,3.7,0.794,0.206,0.555,5.0,0.58,1,0.546,-0.161
C000085,50,2.6,105047,394296,3648.59,48,100.0,4.3,0.623,0.377,0.6,16.0,0.52,2,0.487,0.004
C000086,36,5.9,68338,92427,2495.45,39,100.0,4.7,0.593,0.407,0.51,7.0,0.388,2,0.364,0.092
C000087,48,8.7,149376,168645,7739.16,55,152.42,1.1,0.868,0.132,0.606,9.0,0.598,2,0.638,0.081
C000088,44,4.3,64554,333528,1449.09,5,261.29,107.3,0.718,0.282,0.069,4.0,0.0,1,0.196,-0.194
C000089,45,4.7,52138,405098,2199.91,21,100.0,40.5,0.693,0.307,0.611,11.0,0.731,3,0.487,-0.247
C000090,48,5.9,253770,2821837,17820.91,53,257.92,10.0,0.921,0.079,0.856,8.0,0.658,4,0.807,0.132
C000091,51,4.3,216244,808719,10319.35,69,168.34,6.8,0.692,0.308,0.65,13.0,0.747,4,0.521,0.105
C000092,39,5.9,69631,212102,3058.07,39,100.0,13.2,0.882,0.118,0.61,15.0,0.613,1,0.643,0.151
C000093,49,3.9,190670,939234,9704.23,57,143.19,14.5,0.739,0.261,0.698,13.0,0.494,6,0.757,-0.226
C000094,45,18.0,63260,253375,1765.95,56,100.0,4.8,0.892,0.108,0.637,11.0,0.569,1,0.43,0.095
C000095,38,8.3,66272,10631,2300.66,36,100.0,3.2,0.646,0.354,0.663,19.0,0.547,2,0.539,0.128
C000096,35,12.3,84795,431462,3581.44,61,100.0,45.7,0.611,0.389,0.602,11.0,0.405,3,0.427,0.056
C000097,21,8.9,45414,186992,1612.87,32,100.0,1.4,0.687,0.313,0.571,18.0,0.637,3,0.822,-0.133
C000098,27,6.9,315844,1577895,15951.15,61,333.67,8.2,0.919,0.081,0.774,7.0,0.535,6,0.731,0.074
C000099,30,4.1,48492,686443,1991.66,5,429.4,180.0,0.632,0.368,0.284,6.0,0.257,1,0.332,-0.117
C000100,42,7.1,68496,141738,1810.94,25,100.0,11.3,0.611,0.389,0.834,14.0,0.521,2,0.558,0.046
C000101,38,4.8,66948,973041,3338.25,37,107.22,7.4,0.438,0.562,0.567,8.0,0.408,2,0.523,0.141
C000102,31,9.1,79346,666526,2687.99,46,100.0,15.6,0.737,0.263,0.494,15.0,0.482,2,0.443,-0.051
C000103,38,4.4,57835,147997,2791.58,22,105.09,26.6,0.909,0.091,0.144,4.0,0.533,3,0.426,-0.264
C000104,34,12.4,60463,368521,2166.02,39,100.0,6.5,0.655,0.345,0.339,14.0,0.292,1,0.444,-0.309
C000105,21,7.5,73637,236473,3091.53,31,120.64,2.7,0.549,0.451,0.399,4.0,0.344,3,0.545,0.066
C000106,64,8.3,163908,899569,8017.72,38,231.42,23.2,0.541,0.459,0.383,8.0,0.305,2,0.249,-0.154
C000107,64,8.1,36750,379992,1542.92,11,112.68,180.0,0.73,0.27,0.472,6.0,0.386,1,0.366,-0.213
C000108,52,9.6,98578,424683,5052.0,58,100.0,5.2,0.768,0.232,0.793,17.0,0.618,3,0.39,0.155
C000109,61,3.8,80825,558242,1362.68,44,100.0,5.3,0.542,0.458,0.666,8.0,0.523,2,0.636,0.001
C000110,44,13.0,62180,196983,1430.59,11,159.21,83.5,0.934,0.066,0.315,10.0,0.234,1,0.234,-0.157
C000111,22,4.4,235613,1141110,12422.37,70,159.99,14.7,0.746,0.254,0.801,16.0,0.614,4,0.622,0.057
C000112,27,11.8,60948,356431,2801.27,30,103.01,6.0,0.766,0.234,0.662,10.0,0.663,2,0.547,-0.15
C000113,21,5.4,74981,1202145,2989.45,17,126.17,6.3,0.806,0.194,0.182,0.0,0.326,2,0.418,-0.126
C000114,57,7.5,66294,579506,3156.7,36,100.0,3.3,0.78,0.22,0.266,4.0,0.0,2,0.425,-0.035
C000115,58,5.7,103083,459162,4689.93,42,183.35,4.2,0.758,0.242,0.781,19.0,0.655,5,0.455,0.004
C000116,31,8.3,209348,192897,10319.51,51,223.6,13.5,0.565,0.435,0.678,9.0,0.795,7,0.758,0.245
C000117,37,4.5,36926,48140,1000.0,35,100.0,5.7,0.755,0.245,0.376,10.0,0.208,1,0.38,-0.024
C000118,41,1.9,54858,407837,2142.47,52,100.0,16.7,0.539,0.461,0.669,13.0,0.451,5,0.682,-0.03
C000119,36,3.3,105009,328588,4483.26,50,100.0,10.8,0.931,0.069,0.919,18.0,0.775,3,0.749,0.086
C000120,36,6.4,176997,776210,6968.89,64,134.38,9.1,0.887,0.113,0.715,5.0,0.812,6,0.643,0.019
C000121,59,7.3,126099,1046756,3407.68,47,100.0,10.0,0.745,0.255,0.543,6.0,0.53,4,0.476,0.089
C000122,38,7.2,73794,346669,3253.89,43,100.0,7.9,0.709,0.291,0.579,3.0,0.408,2,0.591,-0.234
C000123,47,3.2,84140,176801,3646.83,22,144.25,71.6,0.726,0.274,0.129,4.0,0.3,2,0.428,-0.123
C000124,35,3.7,118254,1056956,4648.46,37,122.3,6.0,0.704,0.296,0.607,9.0,0.401,5,0.827,0.104
C000125,21,1.2,100033,361871,5461.63,48,134.88,9.7,0.67,0.33,0.355,11.0,0.32,2,0.539,-0.081
C000126,46,3.8,78939,260950,2670.71,14,199.14,125.4,0.658,0.342,0.233,6.0,0.204,2,0.21,-0.174
C000127,31,7.4,118948,659379,4850.79,56,100.0,1.7,0.58,0.42,0.818,19.0,0.953,4,0.738,-0.162
C000128,36,5.9,79615,299497,2956.62,32,100.0,10.8,0.637,0.363,0.194,9.0,0.338,3,0.439,0.124
C000129,36,5.3,113001,768342,4091.63,40,100.0,5.1,0.688,0.312,0.557,8.0,0.513,3,0.728,0.019
C000130,37,1.3,88412,207498,4399.27,48,100.0,11.0,0.706,0.294,0.649,15.0,0.465,2,0.463,0.024
C000131,39,12.0,83423,130450,3893.8,46,100.0,5.6,0.659,0.341,0.888,17.0,0.794,3,0.681,0.039
C000132,29,9.3,348173,790657,14521.32,67,234.91,1.9,0.797,0.203,0.99,14.0,0.813,4,0.559,-0.062
C000133,40,11.4,53527,419729,2342.0,40,100.0,5.1,0.593,0.407,0.962,20.0,0.644,2,0.501,-0.09
C000134,42,8.2,121788,1149747,7680.12,66,155.36,16.5,0.492,0.508,0.554,6.0,0.285,4,0.501,0.112
C000135,39,5.8,58706,383974,2069.53,30,124.39,0.9,0.587,0.413,0.709,12.0,0.471,1,0.702,-0.161
C000136,48,4.7,64223,10000,1531.65,10,125.46,20.9,0.786,0.214,0.319,5.0,0.195,4,0.365,-0.194
C000137,36,0.9,83511,300790,4000.0,35,128.12,12.5,0.669,0.331,0.468,11.0,0.514,1,0.284,-0.095
C000138,40,8.9,69000,173393,2538.34,32,100.0,24.4,0.65,0.35,0.708,8.0,0.618,1,0.54,-0.091
C000139,25,9.2,171349,819572,4968.35,59,100.0,16.1,0.634,0.366,0.447,8.0,0.722,2,0.635,0.031
C000140,44,6.9,98895,370554,4485.03,28,153.05,5.2,0.665,0.335,0.814,16.0,0.621,2,0.429,0.055
C000141,50,5.0,57018,739882,2618.43,41,100.0,15.0,0.688,0.312,0.532,9.0,0.475,3,0.553,0.064
C000142,28,13.8,236392,256634,15791.38,54,292.86,9.6,0.93,0.07,0.842,13.0,0.548,4,0.631,0.046
C000143,49,8.7,41087,150817,1029.31,3,205.97,116.9,0.817,0.183,0.171,3.0,0.279,1,0.331,-0.118
C000144,35,6.4,71699,503978,2155.52,17,119.23,83.0,0.887,0.113,0.312,10.0,0.5,3,0.314,-0.004
C000145,31,6.4,80881,365920,2465.55,42,100.0,1.5,0.938,0.062,0.275,10.0,0.407,2,0.484,-0.057
C000146,36,5.5,70766,579003,2751.95,49,100.0,11.7,0.562,0.438,0.721,13.0,0.454,1,0.588,-0.074
C000147,38,8.4,51558,23114,1000.0,13,100.0,53.2,0.805,0.195,0.3,7.0,0.427,1,0.366,-0.198
C000148,46,15.6,62177,359266,2968.28,29,100.0,64.1,0.67,0.33,0.41,4.0,0.457,1,0.39,-0.161
C000149,55,7.1,63338,367583,2946.28,35,100.0,15.6,0.739,0.261,0.565,9.0,0.433,3,0.556,-0.192
C000150,33,4.5,85920,803146,4430.56,60,100.0,8.8,0.79,0.21,0.443,11.0,0.597,3,0.684,0.141
C000151,41,4.6,45891,323965,1842.78,37,100.0,11.2,0.601,0.399,0.877,22.0,0.722,1,0.653,0.145
C000152,41,0.9,52140,72039,1983.59,6,374.22,85.9,0.675,0.325,0.075,0.0,0.187,1,0.29,-0.356
C000153,42,2.7,90648,487717,5129.52,46,139.98,9.5,0.669,0.331,0.854,8.0,0.916,2,0.549,-0.037
C000154,33,8.9,277378,394042,13791.02,56,161.79,27.6,0.862,0.138,1.0,15.0,0.742,7,0.512,0.184
C000155,50,5.1,69887,189480,3298.24,8,431.8,177.9,0.932,0.068,0.17,5.0,0.108,1,0.253,-0.17
C000156,50,2.7,60024,461213,2679.14,32,100.0,4.4,0.71,0.29,0.95,14.0,0.806,1,0.564,-0.028
C000157,45,6.0,143254,585587,5135.43,55,100.0,4.1,0.684,0.316,0.675,9.0,0.49,3,0.744,0.014
C000158,25,6.3,44927,178776,1232.85,29,100.0,8.7,0.78,0.22,0.817,17.0,0.444,1,0.602,-0.05
C000159,44,9.7,68347,531907,3229.14,37,100.0,13.6,0.749,0.251,0.765,9.0,0.611,1,0.765,-0.026
C000160,55,6.2,68260,117353,1000.0,19,100.0,88.1,0.911,0.089,0.591,5.0,0.457,1,0.356,0.045
C000161,52,7.4,51098,182743,2580.03,17,183.99,1.1,0.71,0.29,0.652,16.0,0.402,2,0.416,-0.164
C000162,24,9.8,75982,243664,3684.42,33,116.31,7.4,0.843,0.157,0.801,16.0,0.679,2,0.598,-0.06
C000163,42,18.0,332809,1175853,18053.63,61,345.59,5.4,0.675,0.325,0.382,12.0,0.277,6,0.666,0.044
C000164,22,3.2,162658,954344,11053.86,55,214.37,14.3,0.522,0.478,0.531,14.0,0.571,2,0.57,0.119
C000165,28,6.9,51731,174804,2081.7,30,111.21,4.1,0.761,0.239,0.721,15.0,0.458,1,0.547,-0.034
C000166,47,3.9,134740,452727,5976.8,38,180.51,4.7,0.68,0.32,0.636,14.0,0.513,2,0.667,-0.018
C000167,30,2.4,187102,960338,8999.27,47,203.5,3.8,0.817,0.183,0.865,14.0,0.522,6,0.645,0.086
C000168,47,8.7,63657,195283,3520.16,25,185.81,32.1,0.821,0.179,0.496,9.0,0.269,2,0.599,-0.129
C000169,43,4.5,67408,455367,2465.57,38,100.0,12.0,0.675,0.325,0.408,9.0,0.0,1,0.441,0.05
C000170,52,5.5,229080,1137322,11053.35,54,146.61,2.6,0.936,0.064,0.732,3.0,0.626,3,0.67,-0.088
C000171,52,12.2,136227,754819,7109.14,48,117.41,4.1,0.736,0.264,0.491,6.0,0.505,4,0.575,-0.006
C000172,48,2.6,55263,89332,1268.25,25,100.0,3.3,0.691,0.309,0.689,12.0,0.565,1,0.612,0.039
C000173,26,15.2,80140,348406,4084.6,36,117.45,9.2,0.737,0.263,0.72,15.0,0.822,2,0.733,-0.135
C000174,35,6.2,63957,338330,1287.19,49,100.0,12.1,0.798,0.202,0.608,15.0,0.482,1,0.613,-0.19
C000175,42,17.7,148137,921172,6999.03,57,100.0,7.9,0.837,0.163,0.438,8.0,0.324,3,0.612,-0.051
C000176,24,11.2,223280,1112385,11729.77,52,208.58,7.4,0.764,0.236,0.506,12.0,0.259,5,0.551,-0.055
C000177,64,3.3,70641,192519,2007.79,6,385.39,180.0,0.808,0.192,0.274,12.0,0.09,1,0.34,0.026
C000178,23,2.6,68036,541134,2341.48,41,100.0,10.9,0.581,0.419,0.37,1.0,0.443,1,0.441,0.164
C000179,35,4.6,129396,278594,5047.02,52,103.95,1.8,0.632,0.368,0.347,4.0,0.352,2,0.533,-0.046
C000180,46,12.4,59863,367851,2867.92,31,100.0,4.0,0.804,0.196,0.852,20.0,0.543,1,0.647,0.05
C000181,53,6.0,95377,415690,4824.0,40,131.33,9.7,0.771,0.229,0.293,5.0,0.364,4,0.437,-0.06
C000182,47,10.9,49901,24480,1791.67,26,100.0,1.1,0.641,0.359,0.856,19.0,0.823,1,0.596,-0.021
C000183,42,5.2,65010,627218,1579.9,8,210.93,106.7,0.883,0.117,0.371,7.0,0.389,1,0.431,-0.144
C000184,47,5.9,84484,245769,3642.12,44,100.0,8.6,0.621,0.379,0.463,11.0,0.38,4,0.659,0.011
C000185,36,5.1,74318,212312,4168.25,37,123.61,5.8,0.745,0.255,0.749,6.0,0.791,1,0.716,-0.013
C000186,64,8.2,66530,194395,2898.53,27,100.0,13.2,0.766,0.234,0.694,7.0,0.415,2,0.67,-0.067
C000187,43,5.4,67612,55012,2184.4,7,291.68,48.0,0.821,0.179,0.18,4.0,0.218,2,0.364,-0.084
C000188,50,16.1,55504,85975,1792.35,10,182.12,180.0,0.734,0.266,0.109,5.0,0.228,1,0.303,-0.177
C000189,51,6.6,179532,585178,7221.82,41,224.3,6.4,0.703,0.297,0.683,12.0,0.539,2,0.652,-0.075
C000190,29,18.0,53284,397189,2437.3,11,185.48,180.0,0.713,0.287,0.427,4.0,0.435,1,0.342,-0.029
C000191,28,10.7,212650,551705,10140.11,60,111.46,6.2,0.553,0.447,0.754,14.0,0.511,6,0.596,0.119
C000192,49,7.3,71718,146673,3245.16,43,100.0,20.9,0.727,0.273,0.285,6.0,0.186,3,0.556,0.028
C000193,44,1.1,102358,532574,4512.85,58,104.98,7.5,0.737,0.263,0.775,19.0,0.605,5,0.669,0.082
C000194,53,8.7,49141,249724,2073.01,37,100.0,4.7,0.78,0.22,0.877,15.0,0.501,3,0.725,0.095
C000195,56,3.5,66540,630292,1616.57,18,100.0,96.3,0.661,0.339,0.415,19.0,0.184,2,0.286,-0.087
C000196,38,17.5,72359,417684,2800.25,42,100.0,0.2,0.898,0.102,0.779,16.0,0.762,2,0.706,-0.099
C000197,37,9.1,89296,280544,4499.31,35,119.05,8.6,0.743,0.257,0.596,11.0,0.495,2,0.369,-0.065
C000198,47,5.1,86099,104090,2913.02,41,100.0,13.8,0.57,0.43,0.774,8.0,0.548,4,0.918,0.094
C000199,38,4.7,86946,374046,3201.27,47,100.0,2.0,0.647,0.353,0.094,2.0,0.182,4,0.599,-0.191
C000200,60,5.6,70095,1178883,3171.89,36,101.29,7.5,0.666,0.334,0.494,2.0,0.597,2,0.634,0.007
C000201,49,12.2,66779,140808,3251.93,27,122.98,2.2,0.595,0.405,0.636,11.0,0.416,1,0.368,-0.106
C000202,32,6.9,58116,67849,2183.96,22,100.0,6.7,0.725,0.275,0.765,19.0,0.375,3,0.544,0.094
C000203,33,18.0,69757,74442,2217.82,8,231.65,59.4,0.555,0.445,0.04,7.0,0.033,1,0.262,-0.227
C000204,42,6.1,88691,122266,3104.57,34,100.0,6.3,0.408,0.592,0.544,12.0,0.505,2,0.525,-0.055
C000205,44,7.2,79791,417821,3229.5,16,224.52,145.2,0.788,0.212,0.552,4.0,0.31,1,0.531,-0.188
C000206,38,5.3,104938,232717,3218.31,44,100.0,10.1,0.821,0.179,0.508,12.0,0.327,3,0.667,0.015
C000207,50,1.6,196347,941478,11222.34,63,187.33,21.5,0.706,0.294,0.918,18.0,0.718,7,0.731,0.047
C000208,40,3.3,33181,140328,1023.67,24,100.0,6.5,0.552,0.448,0.912,14.0,0.893,2,0.504,-0.001
C000209,34,11.3,78322,123121,3304.9,28,115.72,2.3,0.474,0.526,0.729,17.0,0.823,1,0.564,-0.031
C000210,65,9.2,50984,310309,1951.09,29,100.0,4.4,0.869,0.131,0.744,13.0,0.718,1,0.587,0.074
C000211,53,3.2,75089,611053,2169.35,48,100.0,9.0,0.741,0.259,0.552,13.0,0.435,2,0.498,-0.225
C000212,63,3.1,60255,168704,1228.42,37,100.0,5.2,0.746,0.254,0.862,15.0,0.472,1,0.684,0.023
C000213,31,5.3,77341,481640,2391.63,40,100.0,11.0,0.791,0.209,0.485,12.0,0.49,2,0.624,0.027
C000214,25,2.3,243237,425974,10968.23,57,235.1,13.2,0.728,0.272,0.807,11.0,0.836,5,0.653,-0.228
C000215,21,8.2,77774,254110,3412.79,20,156.35,54.2,0.772,0.228,0.478,10.0,0.367,2,0.462,-0.219
C000216,31,5.2,50372,16806,1199.49,21,100.0,53.5,0.805,0.195,0.691,12.0,0.629,1,0.611,0.08
C000217,33,1.2,247083,1360422,9425.06,60,108.87,16.9,0.794,0.206,0.822,20.0,0.793,4,0.684,0.224
C000218,24,4.3,163666,684160,4279.55,47,100.0,6.1,0.627,0.373,0.488,6.0,0.389,4,0.623,-0.02
C000219,56,8.5,112069,157873,2934.24,56,100.0,6.2,0.641,0.359,0.692,17.0,0.505,4,0.489,0.03
C000220,51,13.3,86933,619627,5071.6,31,151.87,5.1,0.686,0.314,0.912,13.0,0.656,3,0.67,-0.066
C000221,30,6.5,90382,529577,2880.08,41,100.0,1.7,0.745,0.255,0.84,18.0,0.462,3,0.849,0.028
C000222,38,5.6,88667,255151,4146.08,35,117.92,11.4,0.764,0.236,0.162,0.0,0.171,4,0.515,0.151
C000223,52,12.7,113262,965912,4188.79,60,100.0,12.9,0.618,0.382,0.78,14.0,0.582,4,0.784,-0.059
C000224,47,7.4,51107,196277,2099.62,23,100.0,7.6,0.827,0.173,0.704,17.0,0.491,1,0.558,-0.002
C000225,44,10.0,60914,97395,1766.66,7,289.24,180.0,0.574,0.426,0.0,3.0,0.181,1,0.211,-0.212
C000226,41,4.7,267141,540511,18710.32,65,402.11,16.2,0.745,0.255,1.0,16.0,0.889,6,0.555,-0.007
C000227,48,7.8,64163,122683,3156.05,26,126.1,3.9,0.889,0.111,0.213,9.0,0.271,1,0.393,-0.032
C000228,51,13.3,102819,791235,5030.1,32,193.86,4.0,0.679,0.321,0.486,9.0,0.279,1,0.602,0.222
C000229,28,7.0,62909,141246,1645.67,32,100.0,0.8,0.701,0.299,0.888,11.0,0.667,1,0.657,0.119
C000230,46,7.3,51938,327668,2562.01,27,111.99,17.6,0.565,0.435,0.568,17.0,0.624,1,0.396,0.013
C000231,40,18.0,106868,171692,4547.56,61,100.0,3.9,0.884,0.116,1.0,21.0,0.663,2,0.727,0.092
C000232,61,11.6,49128,153597,1874.32,7,306.54,29.0,0.94,0.06,0.035,9.0,0.236,3,0.431,0.093
C000233,22,10.1,102328,115451,3061.53,12,229.25,68.6,0.76,0.24,0.439,5.0,0.339,1,0.291,-0.193
C000234,30,6.1,54766,123997,1000.0,9,111.05,82.3,0.894,0.106,0.134,3.0,0.135,2,0.111,-0.25
C000235,37,1.7,50331,206292,1967.75,23,109.79,2.3,0.604,0.396,0.561,5.0,0.592,1,0.657,-0.212
C000236,44,12.1,218432,1034023,6163.0,59,105.46,0.5,0.777,0.223,0.765,17.0,0.673,4,0.719,-0.108
C000237,38,7.9,77273,221049,2770.49,37,100.0,15.8,0.728,0.272,0.576,15.0,0.481,2,0.54,0.127
C000238,41,15.4,100112,327066,5017.32,47,112.96,4.5,0.703,0.297,0.281,1.0,0.407,1,0.612,0.185
C000239,27,9.1,205657,342179,10196.44,60,195.84,42.1,0.842,0.158,0.859,19.0,0.655,5,0.783,0.091
C000240,51,9.3,100786,411334,4271.08,51,100.0,10.9,0.678,0.322,0.714,10.0,0.504,3,0.555,-0.162
C000241,44,14.0,48890,208159,2094.32,24,100.0,21.6,0.719,0.281,0.739,13.0,0.692,1,0.493,0.115
C000242,24,14.7,54925,106174,2053.72,30,100.0,13.8,0.893,0.107,0.81,21.0,0.554,1,0.485,0.13
C000243,21,8.2,50224,252454,1774.35,22,100.0,2.9,0.84,0.16,0.453,5.0,0.479,2,0.561,-0.035
C000244,37,1.0,76263,568098,3057.51,37,100.0,1.5,0.881,0.119,0.57,17.0,0.524,3,0.573,0.089
C000245,26,3.3,100600,276139,4921.21,43,128.24,21.3,0.776,0.224,0.785,19.0,0.568,4,0.413,0.028
C000246,25,5.1,72872,127928,1000.0,38,100.0,14.6,0.77,0.23,0.278,3.0,0.14,2,0.409,0.181
C000247,31,3.7,63105,183444,2048.79,26,100.0,83.6,0.793,0.207,0.443,7.0,0.255,2,0.357,-0.221
C000248,58,8.7,68781,82239,3158.35,42,100.0,12.8,0.541,0.459,0.693,11.0,0.702,2,0.66,0.271
C000249,43,10.7,175594,1450268,10438.83,61,141.81,6.1,0.551,0.449,0.701,3.0,0.537,4,0.669,0.036
C000250,34,2.0,112125,361185,4224.24,55,100.0,6.8,0.909,0.091,0.785,16.0,0.72,3,0.711,0.047
C000251,48,7.0,105858,246168,3411.21,37,103.44,9.7,0.72,0.28,0.548,12.0,0.729,2,0.66,0.2
C000252,41,5.3,106531,161141,4256.32,38,141.99,10.8,0.928,0.072,0.711,14.0,0.837,4,0.671,-0.101
C000253,49,5.8,174203,661519,7938.6,63,114.06,3.2,0.694,0.306,0.961,16.0,0.757,4,0.817,0.096
C000254,36,2.2,54052,104773,2652.86,39,100.0,9.8,0.776,0.224,0.411,9.0,0.611,2,0.377,0.237
C000255,38,12.6,80917,701397,4112.94,41,100.0,17.4,0.72,0.28,0.438,14.0,0.276,3,0.589,-0.085
C000256,38,7.3,72173,253546,3098.47,37,100.0,7.7,0.724,0.276,0.606,12.0,0.36,4,0.581,-0.112
C000257,41,2.0,39965,160999,2729.85,41,100.0,6.5,0.535,0.465,0.475,3.0,0.559,4,0.589,-0.044
C000258,44,3.6,54436,440246,1000.0,6,172.95,156.3,0.881,0.119,0.369,15.0,0.359,2,0.099,-0.275
C000259,36,1.6,116831,286694,6093.54,58,106.87,8.9,0.684,0.316,0.482,5.0,0.56,3,0.636,0.0
C000260,51,7.4,219967,261410,14439.19,61,255.81,11.7,0.861,0.139,0.754,17.0,0.543,5,0.64,0.121
C000261,46,9.9,43434,103912,1000.0,24,100.0,14.3,0.813,0.187,0.846,15.0,0.687,1,0.528,0.16
C000262,58,12.1,60144,154656,1000.0,22,100.0,17.4,0.741,0.259,1.0,17.0,0.808,1,0.41,0.009
C000263,46,6.2,98166,224427,3103.74,26,107.21,3.9,0.873,0.127,0.282,6.0,0.309,2,0.493,0.048
C000264,21,2.3,194908,484059,7168.25,60,174.23,5.8,0.669,0.331,0.964,15.0,0.833,3,0.674,-0.138
C000265,44,9.3,236533,1042669,10583.95,60,195.45,8.9,0.873,0.127,0.744,13.0,0.392,5,0.591,0.173
C000266,42,3.2,52819,176128,2161.85,43,100.0,5.2,0.526,0.474,0.227,4.0,0.309,1,0.435,0.154
C000267,51,5.4,55130,286658,2125.95,28,100.0,17.1,0.626,0.374,0.924,14.0,0.651,1,0.581,0.172
C000268,42,5.6,94710,247041,5191.55,45,108.21,23.2,0.767,0.233,0.428,6.0,0.523,1,0.321,0.006
C000269,51,2.3,78647,731018,1516.08,34,100.0,6.2,0.838,0.162,0.633,15.0,0.684,5,0.595,-0.12
C000270,62,7.8,66469,299552,1000.0,45,100.0,9.1,0.663,0.337,0.705,9.0,0.771,3,0.646,0.092
C000271,35,7.2,84156,133199,3991.15,39,100.0,13.2,0.724,0.276,0.563,8.0,0.467,3,0.482,0.068
C000272,21,11.5,190868,958738,9069.58,57,120.87,45.8,0.765,0.235,1.0,15.0,0.981,6,0.746,0.062
C000273,53,2.7,43800,119458,2039.3,22,100.0,31.0,0.713,0.287,0.35,5.0,0.249,1,0.382,-0.162
C000274,34,9.7,132224,492902,5715.09,52,100.0,22.9,0.663,0.337,1.0,19.0,0.846,3,0.766,0.266
C000275,31,2.9,107322,337252,5405.09,43,190.2,33.6,0.561,0.439,0.544,14.0,0.362,3,0.335,-0.091
C000276,39,4.9,70270,63023,2982.77,37,100.0,5.0,0.598,0.402,0.686,13.0,0.531,2,0.619,-0.012
C000277,34,13.6,132749,970997,7618.29,45,163.65,9.2,0.752,0.248,0.832,19.0,0.705,4,0.631,0.158
C000278,51,6.1,57584,342684,2380.09,40,100.0,16.0,0.749,0.251,0.771,11.0,0.626,1,0.525,0.079
C000279,39,8.1,129717,229701,5412.59,60,119.24,5.2,0.882,0.118,0.607,14.0,0.695,3,0.64,0.202
C000280,40,4.6,32677,197010,1153.31,31,100.0,10.3,0.754,0.246,0.743,16.0,0.687,1,0.459,0.06
C000281,42,5.2,66441,521317,3494.64,43,112.18,4.6,0.723,0.277,0.427,14.0,0.413,2,0.526,0.02
C000282,51,8.5,165444,1843674,8285.66,50,178.06,19.1,0.771,0.229,0.761,12.0,0.632,3,0.674,0.1
C000283,33,15.2,234680,2385472,14235.34,52,194.39,2.1,0.623,0.377,0.958,20.0,0.589,2,0.588,-0.0
C000284,28,5.6,43190,49282,1114.93,18,100.0,8.6,0.664,0.336,0.401,14.0,0.216,3,0.586,-0.126
C000285,45,6.4,194598,348116,9910.28,58,113.16,9.9,0.642,0.358,0.954,14.0,0.777,5,0.724,0.135
C000286,39,0.9,161655,1058929,10931.85,66,204.27,3.9,0.851,0.149,0.768,16.0,0.512,5,0.799,0.269
C000287,25,2.8,162327,687854,8381.48,61,128.87,32.8,0.624,0.376,0.351,3.0,0.452,3,0.567,-0.133
C000288,49,6.0,47576,40551,1169.08,20,100.0,11.9,0.775,0.225,0.778,16.0,0.555,2,0.418,-0.093
C000289,57,12.7,45945,122268,1094.55,9,121.46,90.4,0.779,0.221,0.155,3.0,0.151,1,0.233,-0.176
C000290,35,5.3,38718,97110,1064.43,21,100.0,8.5,0.723,0.277,0.689,14.0,0.637,1,0.642,-0.123
C000291,50,14.2,91756,65115,3439.85,27,143.31,4.9,0.654,0.346,0.328,7.0,0.595,1,0.603,0.127
C000292,32,2.4,131117,864363,5193.87,45,100.44,20.0,0.64,0.36,0.586,7.0,0.336,3,0.572,0.287
C000293,46,9.0,132577,623671,5947.3,57,135.43,15.7,0.677,0.323,0.642,15.0,0.664,3,0.552,0.271
C000294,28,5.6,152674,519096,6842.85,32,161.77,3.2,0.67,0.33,0.618,4.0,0.519,2,0.596,0.071
C000295,53,5.9,87816,322403,1986.18,29,100.0,3.4,0.585,0.415,0.338,1.0,0.24,2,0.636,0.157
C000296,43,7.3,295075,681928,20092.21,59,313.08,13.9,0.66,0.34,0.844,16.0,0.79,4,0.677,0.148
C000297,35,4.6,130016,901024,7620.19,60,115.48,3.1,0.754,0.246,0.931,19.0,0.692,3,0.597,-0.234
C000298,48,12.2,63348,267476,1000.0,9,162.77,177.8,0.594,0.406,0.379,11.0,0.454,2,0.559,-0.124
C000299,31,8.1,69199,45830,3681.12,53,100.0,8.4,0.579,0.421,0.65,11.0,0.501,2,0.65,0.103
C000300,52,3.6,66427,149692,1760.27,44,100.0,6.2,0.813,0.187,0.408,14.0,0.369,1,0.508,0.124
C000301,49,6.9,58159,471022,1779.5,24,100.0,5.8,0.72,0.28,0.676,9.0,0.853,1,0.639,0.116
C000302,41,11.2,53102,265212,2174.12,39,100.0,1.9,0.62,0.38,0.544,5.0,0.6,2,0.611,0.02
C000303,30,3.1,69120,154671,2167.43,38,100.0,12.5,0.554,0.446,0.697,2.0,0.515,2,0.713,-0.114
C000304,39,15.3,63718,82249,4038.28,45,108.28,11.6,0.706,0.294,0.561,7.0,0.278,2,0.475,0.035
C000305,53,7.0,92858,160146,3182.75,8,384.76,73.4,0.752,0.248,0.261,7.0,0.426,2,0.21,-0.077
C000306,30,4.6,63372,115599,3787.98,29,100.0,19.1,0.781,0.219,0.553,9.0,0.486,3,0.52,0.235
C000307,42,4.0,123780,645509,4780.73,67,100.0,10.0,0.573,0.427,0.682,13.0,0.605,5,0.599,0.112
C000308,39,5.9,78246,210497,1000.0,7,131.47,30.1,0.513,0.487,0.213,0.0,0.229,1,0.366,-0.249
C000309,46,11.2,85258,1090142,3001.99,6,408.86,180.0,0.886,0.114,0.08,0.0,0.343,1,0.264,-0.188
C000310,55,4.8,34473,169453,1000.0,7,150.78,163.1,0.58,0.42,0.066,6.0,0.321,1,0.139,-0.173
C000311,44,9.4,78027,554800,3322.13,44,100.0,10.5,0.862,0.138,0.496,13.0,0.381,3,0.503,0.003
C000312,25,2.4,179853,334420,7928.94,71,110.66,12.8,0.788,0.212,0.814,19.0,0.556,5,0.732,0.06
C000313,39,14.8,115701,368957,6888.82,55,107.89,8.3,0.834,0.166,0.738,18.0,0.674,5,0.591,0.253
C000314,31,10.3,92145,411782,2707.13,42,100.0,10.2,0.691,0.309,0.768,12.0,0.677,5,0.546,-0.022
C000315,34,4.0,55239,169012,1000.0,22,100.0,4.0,0.806,0.194,0.627,9.0,0.535,1,0.672,0.073
C000316,29,2.6,66886,213444,2472.12,29,100.0,11.2,0.697,0.303,0.554,8.0,0.102,2,0.492,0.104
C000317,53,1.9,73915,151812,3052.09,52,100.0,12.6,0.796,0.204,0.665,14.0,0.552,2,0.568,0.016
C000318,27,4.6,77581,487601,3479.88,39,100.0,7.0,0.717,0.283,0.54,8.0,0.415,2,0.477,0.081
C000319,55,10.8,68034,172761,1948.59,27,100.0,1.8,0.688,0.312,0.662,17.0,0.461,1,0.508,0.101
C000320,40,7.0,56856,655807,1581.51,31,100.0,4.7,0.594,0.406,0.184,9.0,0.448,3,0.551,-0.05
C000321,65,11.0,40192,235338,1166.65,12,126.37,57.5,0.694,0.306,0.294,8.0,0.266,1,0.496,-0.034
C000322,39,9.5,71276,425309,4071.32,42,129.61,9.2,0.637,0.363,0.494,2.0,0.525,3,0.56,-0.082
C000323,24,3.3,69684,360457,2309.6,28,100.0,8.9,0.605,0.395,0.363,6.0,0.18,3,0.624,-0.099
C000324,48,14.6,160966,488851,8518.05,54,190.05,10.1,0.866,0.134,0.51,15.0,0.181,4,0.39,-0.056
C000325,47,4.2,97679,261476,4280.52,57,100.0,6.9,0.802,0.198,0.854,19.0,0.583,3,0.67,-0.225
C000326,37,5.2,108577,577253,3002.25,51,106.61,15.3,0.726,0.274,0.668,6.0,0.811,3,0.503,0.07
C000327,33,3.2,81438,295778,3374.87,38,100.0,5.2,0.542,0.458,0.656,7.0,0.487,4,0.627,0.047
C000328,37,10.6,74123,254607,2735.22,37,100.0,4.9,0.736,0.264,0.608,6.0,0.582,2,0.517,0.129
C000329,30,8.1,51030,98779,1758.65,29,100.0,3.5,0.605,0.395,0.609,5.0,0.417,2,0.662,0.02
C000330,56,4.6,104036,285719,3124.74,23,172.84,13.8,0.83,0.17,1.0,12.0,0.771,1,0.677,0.16
C000331,48,8.0,54942,102698,1719.86,24,104.12,5.7,0.575,0.425,0.635,13.0,0.594,1,0.317,0.054
C000332,41,9.8,87496,197394,2847.43,11,242.52,101.1,0.576,0.424,0.48,5.0,0.39,2,0.343,-0.044
C000333,21,6.7,90651,799883,2171.01,35,100.0,5.7,0.823,0.177,0.82,16.0,0.73,4,0.725,0.009
C000334,48,3.2,46331,290143,1670.74,28,100.37,26.0,0.733,0.267,0.628,9.0,0.476,1,0.487,0.009
C000335,34,5.0,61402,1326964,2163.75,15,206.07,23.3,0.485,0.515,0.202,8.0,0.178,2,0.411,-0.188
C000336,21,16.2,64046,298063,2450.26,34,100.0,5.7,0.751,0.249,0.855,15.0,0.726,2,0.574,-0.169
C000337,49,12.7,94250,394512,4913.56,42,105.85,4.7,0.8,0.2,0.214,4.0,0.059,1,0.458,0.011
C000338,59,4.3,151905,344098,6082.56,50,113.23,5.4,0.563,0.437,0.708,15.0,0.416,5,0.837,0.207
C000339,33,4.9,111365,278822,5510.82,34,152.8,3.9,0.767,0.233,0.787,14.0,0.502,2,0.54,0.112
C000340,45,10.2,49335,615738,1000.0,9,100.0,27.6,0.802,0.198,0.469,5.0,0.398,1,0.425,0.05
C000341,44,6.5,81499,319755,4413.72,29,206.85,4.9,0.742,0.258,0.581,7.0,0.28,1,0.52,0.085
C000342,45,17.9,297600,621439,16693.14,42,337.46,20.5,0.706,0.294,0.62,14.0,0.337,7,0.471,-0.068
C000343,41,3.4,90560,438741,2304.9,37,100.0,8.2,0.774,0.226,0.523,11.0,0.563,4,0.616,-0.102
C000344,33,11.6,52521,110536,1340.03,37,100.0,9.9,0.697,0.303,0.708,20.0,0.439,2,0.372,-0.163
C000345,42,4.9,105540,504825,6374.52,36,216.14,14.2,0.786,0.214,0.286,5.0,0.115,4,0.302,0.212
C000346,32,10.8,48782,146812,1138.86,30,100.0,9.9,0.768,0.232,0.899,17.0,0.842,5,0.506,-0.066
C000347,58,14.1,176141,426293,6790.68,70,100.0,5.3,0.875,0.125,0.622,14.0,0.629,4,0.466,0.085
C000348,53,7.2,79338,139796,2210.27,42,100.0,9.1,0.651,0.349,0.738,13.0,0.588,2,0.499,0.001
C000349,21,4.2,72313,258560,2453.07,10,199.0,22.8,0.751,0.249,0.381,7.0,0.221,3,0.387,-0.178
C000350,23,4.1,46770,59647,1228.6,24,100.0,4.8,0.726,0.274,0.572,12.0,0.447,1,0.398,-0.05
C000351,26,2.6,121497,240301,3989.78,30,100.0,5.8,0.57,0.43,0.565,12.0,0.437,1,0.563,0.218
C000352,43,18.0,70127,334299,2108.43,28,100.0,4.5,0.824,0.176,0.491,7.0,0.519,4,0.435,-0.071
C000353,39,7.9,268151,1684413,15198.27,61,291.41,17.1,0.809,0.191,0.769,15.0,0.557,3,0.75,-0.104
C000354,56,1.4,55333,97196,2477.03,15,188.21,61.5,0.444,0.556,0.0,6.0,0.274,2,0.329,-0.093
C000355,30,3.4,75178,253921,3454.15,18,152.44,48.5,0.587,0.413,0.713,17.0,0.628,1,0.478,-0.319
C000356,28,2.7,407820,2872893,19189.92,55,444.25,5.6,0.616,0.384,1.0,9.0,0.489,5,0.701,0.193
C000357,51,8.4,97413,521192,6065.56,43,203.76,7.3,0.688,0.312,0.461,10.0,0.145,3,0.676,-0.038
C000358,57,7.6,74743,867753,3113.38,22,100.0,38.0,0.658,0.342,0.715,10.0,0.31,1,0.524,-0.084
C000359,45,7.2,50094,86614,2045.45,30,117.87,11.4,0.544,0.456,0.776,13.0,0.435,2,0.589,-0.139
C000360,43,7.7,46807,333464,1410.49,36,100.0,6.2,0.595,0.405,0.839,13.0,0.813,1,0.574,-0.212
C000361,38,2.3,46132,53923,1252.48,29,100.0,16.3,0.563,0.437,0.753,3.0,0.676,1,0.529,-0.133
C000362,40,10.4,307191,1003277,14307.7,56,364.94,20.3,0.78,0.22,0.623,21.0,0.566,6,0.616,0.007
C000363,39,6.4,71704,447652,3363.87,38,100.0,5.1,0.833,0.167,0.52,10.0,0.68,2,0.738,0.191
C000364,21,9.9,72302,409560,1109.68,43,100.0,25.5,0.716,0.284,0.505,9.0,0.617,1,0.519,0.064
C000365,40,7.9,62467,770011,1161.34,31,100.0,25.5,0.482,0.518,0.683,9.0,0.598,1,0.507,-0.086
C000366,38,12.7,49229,161670,2849.4,43,100.0,16.2,0.818,0.182,0.508,8.0,0.292,6,0.609,-0.003
C000367,56,13.5,62929,352114,1891.19,26,100.0,15.5,0.801,0.199,0.933,11.0,0.823,1,0.628,0.159
C000368,50,10.4,84681,236205,3654.73,43,100.0,1.3,0.745,0.255,0.585,6.0,0.515,2,0.622,-0.078
C000369,44,5.4,57139,253782,2288.39,28,100.0,14.2,0.592,0.408,0.775,21.0,0.617,1,0.387,-0.058
C000370,33,8.6,253454,2100543,15101.54,52,319.87,16.2,0.605,0.395,0.625,11.0,0.571,5,0.451,0.008
C000371,28,9.2,169882,510580,7114.96,55,188.1,4.4,0.818,0.182,0.543,11.0,0.299,2,0.841,0.11
C000372,36,10.7,60015,355307,2764.87,22,100.0,122.2,0.792,0.208,0.401,8.0,0.564,2,0.438,-0.058
C000373,49,11.0,83373,362239,3320.72,35,100.0,21.8,0.644,0.356,0.231,3.0,0.276,2,0.515,0.333
C000374,47,3.0,197090,930363,8370.35,55,132.27,6.8,0.743,0.257,0.771,16.0,0.73,4,0.676,0.07
C000375,59,18.0,99366,673658,2634.77,60,100.0,1.7,0.689,0.311,0.629,16.0,0.604,1,0.501,-0.207
C000376,35,18.0,39336,146319,1116.46,22,100.0,8.0,0.917,0.083,0.79,7.0,0.731,2,0.59,-0.056
C000377,50,4.1,37823,123999,1275.96,33,100.0,7.6,0.772,0.228,0.806,13.0,0.545,2,0.692,0.073
C000378,21,9.6,54109,97385,1141.83,21,100.0,3.3,0.908,0.092,0.459,1.0,0.473,1,0.596,-0.063
C000379,38,8.1,82790,228504,3367.39,26,100.0,6.0,0.635,0.365,0.607,7.0,0.283,4,0.449,-0.106
C000380,37,4.3,73404,82127,2539.53,41,100.0,6.6,0.737,0.263,0.573,8.0,0.434,3,0.419,0.069
C000381,39,4.6,216522,385158,12748.37,78,178.6,23.5,0.94,0.06,0.965,13.0,0.641,6,0.72,0.006
C000382,61,3.3,68795,252112,2323.98,44,100.0,13.0,0.433,0.567,0.526,10.0,0.597,3,0.621,-0.087
C000383,29,2.3,138803,677903,7121.63,54,132.47,10.1,0.906,0.094,0.99,14.0,0.92,4,0.59,-0.073
C000384,30,8.9,68319,102070,1733.09,4,518.92,50.8,0.582,0.418,0.17,6.0,0.258,1,0.398,-0.11
C000385,49,5.0,69239,83754,2561.13,31,100.0,2.5,0.932,0.068,0.846,24.0,0.707,2,0.574,0.041
C000386,33,12.5,150072,528363,6866.88,54,149.2,0.3,0.767,0.233,0.665,14.0,0.57,3,0.577,0.078
C000387,33,1.6,63531,444538,2030.88,17,126.43,23.2,0.778,0.222,0.194,5.0,0.302,1,0.419,-0.105
C000388,43,5.1,132567,346023,5669.11,45,117.13,5.4,0.584,0.416,0.482,10.0,0.415,7,0.732,-0.322
C000389,48,2.9,45917,229901,1000.0,5,149.4,41.9,0.462,0.538,0.626,15.0,0.808,1,0.188,-0.086
C000390,34,6.2,107161,520319,3961.06,36,137.57,7.2,0.808,0.192,0.873,10.0,0.734,2,0.511,-0.153
C000391,22,11.1,107845,261751,4998.84,54,100.0,5.5,0.911,0.089,0.72,12.0,0.541,2,0.396,0.101
C000392,40,9.1,73723,191839,2525.32,40,100.0,5.7,0.515,0.485,0.506,13.0,0.351,1,0.604,0.105
C000393,29,11.1,99539,952075,4966.58,54,100.0,12.9,0.796,0.204,0.902,18.0,1.0,2,0.642,0.198
C000394,30,2.0,130522,719623,6807.93,57,167.42,7.2,0.676,0.324,0.573,17.0,0.609,3,0.532,-0.103
C000395,39,7.7,39083,350478,1389.35,39,100.0,5.8,0.885,0.115,0.815,17.0,0.703,2,0.677,-0.024
C000396,53,1.8,74430,176988,2298.05,22,137.78,40.9,0.625,0.375,0.187,8.0,0.109,2,0.418,-0.024
C000397,36,7.8,251929,2015877,11848.16,77,177.73,13.0,0.608,0.392,0.72,6.0,0.707,4,0.719,-0.276
C000398,29,8.7,86835,1181414,4926.92,39,116.17,16.4,0.717,0.283,0.583,16.0,0.75,2,0.453,0.17
C000399,37,6.7,107062,329953,5882.21,38,141.75,0.9,0.715,0.285,0.758,14.0,0.647,3,0.53,0.04
C000400,42,5.1,207489,1546275,13416.93,59,227.28,13.7,0.584,0.416,0.834,18.0,0.646,3,0.595,0.1
C000401,39,3.0,61951,159517,2335.36,47,100.0,16.5,0.532,0.468,0.658,7.0,0.507,1,0.422,-0.084
C000402,21,6.0,43610,184924,2638.72,28,100.0,6.5,0.784,0.216,0.902,20.0,0.543,1,0.584,0.179
C000403,29,4.0,130523,295872,5309.42,44,100.0,0.7,0.857,0.143,0.502,3.0,0.567,4,0.551,-0.034
C000404,51,11.7,86499,521089,3160.84,46,100.0,9.3,0.838,0.162,0.628,8.0,0.761,2,0.6,-0.045
C000405,32,3.1,69597,597063,3499.96,45,100.0,6.0,0.725,0.275,0.536,8.0,0.478,4,0.595,0.303
C000406,29,2.9,31260,142481,1000.0,26,100.0,4.1,0.764,0.236,0.675,19.0,0.474,3,0.59,-0.182
C000407,50,2.8,103676,373042,4988.7,36,186.97,19.5,0.757,0.243,0.684,10.0,0.782,1,0.512,-0.001
C000408,49,12.7,93707,297660,2918.86,37,157.63,4.6,0.841,0.159,0.401,14.0,0.478,2,0.521,0.092
C000409,31,1.6,64168,435850,2219.63,37,100.0,9.0,0.75,0.25,0.736,17.0,0.485,2,0.528,-0.082
C000410,28,3.6,81339,490329,2338.7,43,100.0,4.4,0.688,0.312,0.329,5.0,0.165,3,0.578,0.216
C000411,27,2.4,45612,405767,1000.0,6,227.37,180.0,0.544,0.456,0.154,2.0,0.104,1,0.278,-0.067
C000412,32,10.4,93516,824157,2911.27,43,100.0,9.0,0.939,0.061,0.832,13.0,0.652,2,0.841,-0.192
C000413,51,6.2,120881,1642671,5162.1,17,276.13,30.4,0.858,0.142,0.558,14.0,0.517,1,0.432,0.006
C000414,47,2.1,163638,599065,10157.54,38,236.91,15.0,0.844,0.156,0.664,6.0,0.366,3,0.682,0.225
C000415,50,4.4,77491,1132152,2759.8,41,100.0,3.6,0.756,0.244,0.565,19.0,0.503,2,0.705,-0.123
C000416,58,3.1,372653,647208,20712.36,56,250.79,6.3,0.752,0.248,0.619,5.0,0.595,3,0.54,0.097
C000417,35,4.7,134789,354318,5025.0,58,100.0,8.3,0.821,0.179,0.768,17.0,0.591,4,0.635,0.115
C000418,36,13.5,44610,241460,1000.0,6,146.62,40.3,0.641,0.359,0.0,3.0,0.168,3,0.316,-0.305
C000419,43,2.0,56729,88559,1466.65,7,278.29,144.8,0.637,0.363,0.33,2.0,0.364,2,0.25,-0.139
C000420,53,1.7,66356,371080,1000.0,5,249.23,141.7,0.857,0.143,0.125,0.0,0.168,1,0.209,-0.122
C000421,43,3.1,84433,525398,3120.05,48,100.0,7.3,0.638,0.362,0.474,5.0,0.614,2,0.622,0.14
C000422,44,11.1,156237,382631,11467.67,55,156.67,19.6,0.698,0.302,0.835,13.0,0.759,2,0.662,0.093
C000423,28,1.3,120373,454519,4692.11,52,110.01,40.5,0.699,0.301,0.738,10.0,0.58,2,0.576,0.061
C000424,48,12.6,101496,435170,2725.44,19,180.08,69.8,0.484,0.516,0.204,3.0,0.123,4,0.361,-0.117
C000425,49,7.4,74237,169382,3030.98,19,256.69,30.0,0.576,0.424,0.497,2.0,0.488,3,0.47,-0.256
C000426,49,14.8,33771,85010,1000.0,31,100.0,6.6,0.741,0.259,0.891,10.0,0.818,1,0.598,-0.037
C000427,21,3.5,239159,1348562,12519.95,52,226.7,9.7,0.757,0.243,0.78,14.0,0.669,2,0.456,-0.095
C000428,29,4.5,49091,33888,1748.46,20,100.0,8.2,0.705,0.295,0.556,6.0,0.287,1,0.491,0.231
C000429,21,5.6,103130,111338,3789.81,35,107.11,11.7,0.78,0.22,0.443,14.0,0.162,3,0.596,0.084
C000430,43,10.6,77678,295383,3032.29,24,135.12,82.6,0.666,0.334,0.507,11.0,0.32,2,0.419,0.075
C000431,43,6.4,51902,469924,1618.07,27,100.0,5.9,0.736,0.264,0.566,11.0,0.506,2,0.566,0.223
C000432,45,4.3,74925,313492,4012.62,35,140.84,6.4,0.705,0.295,0.319,12.0,0.348,3,0.552,0.123
C000433,58,6.2,116710,372711,4875.67,47,126.61,0.8,0.631,0.369,0.374,9.0,0.437,3,0.496,0.195
C000434,47,1.6,47341,87494,1000.0,35,100.0,1.5,0.788,0.212,0.884,15.0,0.876,1,0.744,-0.023
C000435,47,3.3,61713,303138,1202.66,46,100.0,12.3,0.641,0.359,0.452,7.0,0.513,3,0.639,-0.019
C000436,36,9.2,57955,237431,2147.76,15,142.43,96.0,0.809,0.191,0.48,4.0,0.543,2,0.444,0.061
C000437,55,10.0,91022,154058,4412.13,37,100.0,4.7,0.655,0.345,0.618,9.0,0.549,1,0.52,0.084
C000438,32,3.9,55366,352478,1507.38,8,168.68,180.0,0.678,0.322,0.426,5.0,0.286,2,0.233,0.018
C000439,32,3.5,70071,357138,3984.3,41,100.0,6.4,0.726,0.274,0.464,1.0,0.365,1,0.576,-0.075
C000440,62,1.3,52957,205091,2730.88,45,100.0,10.2,0.667,0.333,0.751,14.0,0.5,4,0.564,0.157
C000441,47,8.0,77400,1086205,3524.67,50,100.0,55.9,0.739,0.261,0.736,13.0,0.556,2,0.578,0.059
C000442,41,10.5,48123,93286,1220.81,27,100.0,4.8,0.606,0.394,0.635,15.0,0.645,1,0.515,0.067
C000443,21,17.9,45619,91181,2299.27,41,100.0,13.1,0.669,0.331,0.57,11.0,0.591,4,0.55,0.248
C000444,40,7.3,182021,689343,9695.34,50,196.22,18.0,0.617,0.383,0.731,22.0,0.644,4,0.607,0.103
C000445,41,5.7,78642,972196,2385.0,50,100.0,12.1,0.801,0.199,0.388,9.0,0.212,4,0.546,0.179
C000446,44,1.0,134358,829386,6328.36,47,133.24,9.9,0.655,0.345,0.603,12.0,0.253,2,0.592,0.177
C000447,49,8.7,51515,207725,2338.88,50,100.0,2.1,0.697,0.303,0.748,11.0,0.732,1,0.734,0.112
C000448,39,7.4,66312,269799,3004.33,19,212.3,36.4,0.748,0.252,0.421,11.0,0.387,1,0.377,-0.086
C000449,34,7.0,86678,427023,2881.34,56,100.0,0.5,0.648,0.352,0.365,13.0,0.188,2,0.382,-0.326
C000450,45,4.6,70328,401512,2682.5,40,100.0,4.1,0.91,0.09,0.402,14.0,0.376,3,0.455,0.07
C000451,36,4.0,82931,185113,5843.79,40,194.48,17.4,0.784,0.216,0.581,7.0,0.501,2,0.354,0.249
C000452,31,1.6,85489,345190,4742.53,47,100.0,30.5,0.844,0.156,0.646,8.0,0.532,2,0.645,-0.179
C000453,26,1.2,95580,324892,5390.49,40,103.33,14.2,0.87,0.13,0.606,11.0,0.666,1,0.4,0.169
C000454,29,3.2,58198,250671,1743.22,22,100.0,20.0,0.625,0.375,0.728,12.0,0.681,1,0.45,-0.104
C000455,50,8.5,69086,282793,2026.77,15,143.04,18.1,0.896,0.104,0.269,10.0,0.484,3,0.487,-0.042
C000456,42,4.9,100209,125841,6780.64,33,337.66,6.5,0.542,0.458,0.606,6.0,0.387,3,0.603,0.084
C000457,31,7.0,389457,580136,13007.95,50,255.59,8.1,0.861,0.139,0.479,6.0,0.389,5,0.72,0.294
C000458,32,10.7,59510,803897,3012.5,26,167.96,9.6,0.773,0.227,0.468,8.0,0.697,2,0.529,-0.085
C000459,50,13.0,82048,273111,4523.47,56,100.0,17.6,0.889,0.111,0.769,7.0,0.689,2,0.673,0.218
C000460,53,1.6,105090,232494,4912.71,55,100.0,10.0,0.849,0.151,0.94,4.0,0.676,5,0.723,0.192
C000461,25,3.4,55878,270994,1832.09,8,244.93,136.2,0.827,0.173,0.237,10.0,0.266,1,0.244,-0.269
C000462,42,16.3,77911,427703,3158.63,43,100.0,7.8,0.752,0.248,0.464,8.0,0.471,4,0.587,0.163
C000463,42,10.8,77387,155829,5397.59,47,103.17,14.8,0.838,0.162,0.793,6.0,0.826,1,0.678,0.064
C000464,21,7.7,35240,146296,1699.44,34,100.0,1.7,0.665,0.335,0.643,9.0,0.537,1,0.498,-0.159
C000465,34,11.6,77927,287365,2771.26,46,100.0,3.0,0.862,0.138,0.643,10.0,0.765,3,0.57,0.064
C000466,36,5.3,334226,520441,18791.98,55,428.11,11.4,0.863,0.137,0.586,7.0,0.699,4,0.557,0.112
C000467,42,10.3,42606,370250,2162.52,25,100.0,15.9,0.64,0.36,0.719,10.0,0.557,1,0.34,0.105
C000468,62,5.0,67199,358274,4010.51,36,100.49,5.3,0.614,0.386,0.642,17.0,0.452,1,0.517,0.091
C000469,50,2.7,48870,98638,1000.0,5,245.93,55.6,0.626,0.374,0.097,8.0,0.117,1,0.204,-0.237
C000470,37,3.4,99391,261675,2883.02,36,100.0,3.9,0.527,0.473,0.458,6.0,0.304,3,0.511,-0.037
C000471,37,5.6,191551,982377,12896.89,72,247.34,12.7,0.818,0.182,0.755,11.0,0.669,6,0.587,-0.012
C000472,37,3.8,100204,286961,3615.73,42,149.97,7.6,0.656,0.344,0.347,10.0,0.097,1,0.429,-0.143
C000473,37,2.9,82110,824846,3820.91,43,100.0,4.7,0.766,0.234,0.206,0.0,0.246,2,0.361,-0.082
C000474,34,4.8,157318,110425,7134.53,55,183.3,1.4,0.691,0.309,0.871,20.0,0.756,2,0.747,-0.015
C000475,51,5.7,145345,610262,6237.8,56,100.0,5.3,0.748,0.252,0.87,9.0,0.788,3,0.828,0.228
C000476,43,1.3,82131,184619,4135.11,40,111.16,20.3,0.505,0.495,0.749,2.0,0.501,2,0.655,0.026
C000477,41,10.5,64343,329287,2186.52,39,100.0,1.3,0.644,0.356,0.215,1.0,0.453,3,0.429,-0.005
C000478,42,0.6,67714,63738,3190.65,14,207.73,9.7,0.436,0.564,0.534,8.0,0.283,2,0.418,0.041
C000479,39,12.1,70297,281336,2345.35,12,232.09,62.1,0.815,0.185,0.405,8.0,0.584,2,0.215,-0.309
C000480,48,8.7,73824,327540,1820.71,48,100.0,6.5,0.871,0.129,0.137,1.0,0.0,4,0.517,0.107
C000481,40,4.6,148919,260396,6923.39,65,100.0,28.0,0.919,0.081,0.674,13.0,0.475,2,0.729,-0.219
C000482,49,5.8,80313,863246,2423.83,22,108.62,50.6,0.744,0.256,0.581,12.0,0.242,3,0.489,0.216
C000483,42,1.7,139593,317245,7436.53,50,121.3,20.8,0.814,0.186,0.675,18.0,0.336,3,0.613,0.112
C000484,29,4.7,57741,150577,2359.53,40,100.0,10.0,0.855,0.145,0.638,7.0,0.536,2,0.713,-0.21
C000485,32,5.5,74258,428081,3781.31,41,108.73,22.4,0.802,0.198,0.459,7.0,0.172,2,0.482,0.033
C000486,60,8.0,67430,510825,2669.84,36,100.0,6.0,0.663,0.337,0.446,9.0,0.437,2,0.656,-0.128
C000487,46,6.5,51430,470595,2286.16,34,100.0,7.2,0.676,0.324,0.44,1.0,0.454,3,0.561,0.192
C000488,61,17.1,192254,1245022,10803.56,44,156.08,6.8,0.85,0.15,0.299,0.0,0.22,7,0.453,0.103
C000489,63,3.4,57342,239810,1400.29,29,100.0,11.6,0.642,0.358,0.982,13.0,0.819,1,0.449,-0.007
C000490,58,15.8,57747,225641,1000.0,33,100.0,2.6,0.821,0.179,0.929,16.0,0.6,3,0.765,-0.056
C000491,21,5.5,73880,401217,1000.0,7,123.16,180.0,0.743,0.257,0.456,9.0,0.359,2,0.253,-0.29
C000492,39,4.5,143433,645939,5073.98,41,103.01,5.8,0.78,0.22,0.532,16.0,0.657,3,0.64,-0.113
C000493,37,1.8,78748,234332,3978.33,49,100.0,3.5,0.94,0.06,0.523,11.0,0.524,3,0.588,-0.041
C000494,45,16.5,58724,96273,2649.09,34,100.0,4.1,0.726,0.274,0.4,2.0,0.58,1,0.569,0.058
C000495,47,4.4,109120,1120500,1962.47,48,100.0,9.9,0.641,0.359,0.831,17.0,0.632,1,0.296,0.004
C000496,41,8.0,60686,25860,1482.39,2,952.6,180.0,0.769,0.231,0.06,4.0,0.0,2,0.216,-0.202
C000497,33,1.0,48194,291283,1000.0,29,100.0,0.6,0.55,0.45,0.644,16.0,0.369,2,0.648,-0.236
C000498,46,11.0,99068,888581,1771.75,41,100.0,12.7,0.628,0.372,0.674,3.0,0.611,1,0.511,-0.007
C000499,40,2.6,56717,576858,1794.38,32,100.0,8.9,0.897,0.103,0.725,10.0,0.281,2,0.49,-0.005
C000500,38,11.6,48509,85679,1286.82,30,100.0,8.3,0.591,0.409,0.875,19.0,0.704,1,0.436,0.072
C000501,38,5.0,256289,1239757,12943.58,54,371.46,10.5,0.652,0.348,0.381,9.0,0.187,6,0.537,0.056
C000502,44,4.0,87733,225352,2541.24,51,100.0,4.6,0.611,0.389,0.833,18.0,0.706,1,0.626,0.019
C000503,53,8.9,43337,122373,1348.3,12,123.49,122.2,0.697,0.303,0.349,7.0,0.412,1,0.399,-0.136
C000504,35,4.4,77746,272835,2271.94,26,125.89,24.8,0.734,0.266,0.64,12.0,0.587,1,0.568,-0.114
C000505,36,3.9,84080,243686,3484.09,15,174.39,16.2,0.74,0.26,0.223,7.0,0.359,2,0.292,-0.101
C000506,42,10.6,90551,476994,3739.24,13,327.4,64.8,0.822,0.178,0.053,0.0,0.274,2,0.468,-0.204
C000507,46,9.9,138738,168610,6507.55,41,152.0,15.0,0.588,0.412,0.908,11.0,0.53,1,0.755,0.058
C000508,64,14.3,116131,497194,5774.89,58,100.0,4.5,0.705,0.295,0.616,12.0,0.447,5,0.787,0.244
C000509,60,5.3,84361,427794,2948.19,37,100.0,7.2,0.798,0.202,0.918,10.0,0.833,3,0.561,0.003
C000510,37,16.1,127437,799802,3850.93,54,100.0,26.9,0.606,0.394,0.587,9.0,0.538,3,0.436,0.064
C000511,26,12.2,107637,140615,5277.39,37,119.54,1.5,0.604,0.396,0.544,16.0,0.518,2,0.685,-0.172
C000512,48,2.7,209502,464046,16585.58,58,184.83,5.8,0.64,0.36,0.559,5.0,0.33,4,0.737,0.08
C000513,28,14.6,152964,1090060,5081.59,40,194.76,11.9,0.753,0.247,0.554,8.0,0.412,1,0.431,-0.001
C000514,53,16.0,34943,145235,1409.87,26,100.0,10.1,0.632,0.368,0.71,14.0,0.543,1,0.535,0.144
C000515,45,6.3,225470,171428,11973.96,63,146.6,35.4,0.734,0.266,0.693,9.0,0.584,4,0.526,0.172
C000516,24,11.1,224733,241258,13856.73,64,208.35,14.1,0.513,0.487,0.504,11.0,0.265,5,0.504,-0.134
C000517,21,9.0,67791,250406,3914.02,36,100.0,14.5,0.721,0.279,0.475,5.0,0.373,1,0.472,0.052
C000518,38,7.4,224119,396591,11746.85,63,210.82,1.0,0.735,0.265,0.901,16.0,0.821,5,0.729,-0.019
C000519,33,2.3,64921,212817,3221.65,4,688.27,43.3,0.576,0.424,0.0,4.0,0.251,1,0.304,-0.089
C000520,46,1.6,54884,42025,1583.11,44,100.0,8.1,0.738,0.262,0.492,16.0,0.585,2,0.491,0.113
C000521,40,9.1,214897,1046904,6961.64,50,131.98,7.3,0.859,0.141,0.928,19.0,0.74,7,0.647,0.107
C000522,53,6.8,61782,806719,1996.41,31,100.0,10.3,0.647,0.353,1.0,17.0,0.744,1,0.775,-0.19
C000523,37,13.4,55839,299326,1481.61,16,100.0,37.6,0.638,0.362,0.302,8.0,0.153,2,0.431,0.052
C000524,47,6.2,79751,737661,2772.67,40,100.0,5.0,0.545,0.455,0.927,14.0,0.8,2,0.604,0.152
C000525,51,16.5,56411,292642,1644.95,26,100.0,11.0,0.619,0.381,0.337,3.0,0.216,2,0.351,-0.156
C000526,44,4.7,195822,749266,7193.46,48,212.82,1.2,0.685,0.315,0.73,17.0,0.613,2,0.701,0.185
C000527,47,10.7,113619,276058,4332.03,41,135.37,3.0,0.919,0.081,0.659,11.0,0.757,3,0.541,0.006
C000528,48,10.4,73935,38665,3388.76,35,112.19,5.4,0.697,0.303,0.509,9.0,0.28,1,0.459,-0.302
C000529,30,2.6,142463,372248,5653.03,43,143.52,14.3,0.666,0.334,0.606,5.0,0.461,2,0.614,0.127
C000530,45,10.8,175526,664837,10852.6,54,181.07,15.6,0.776,0.224,0.881,9.0,0.76,3,0.606,0.11
C000531,39,4.5,38978,131684,1000.0,23,100.0,9.3,0.689,0.311,0.511,3.0,0.492,1,0.438,-0.12
C000532,39,6.0,80749,670231,2744.07,31,100.0,8.3,0.665,0.335,0.694,8.0,0.83,1,0.537,0.062
C000533,21,6.6,168105,477489,6708.86,46,119.95,8.4,0.685,0.315,0.777,16.0,0.735,4,0.625,-0.168
C000534,39,5.3,95098,482173,4078.37,17,253.87,35.6,0.669,0.331,0.632,17.0,0.428,1,0.324,0.021
C000535,37,9.6,76673,608676,4054.93,32,111.69,4.0,0.669,0.331,0.277,10.0,0.222,4,0.661,0.056
C000536,43,4.9,88410,646734,3788.05,38,100.0,15.7,0.713,0.287,0.67,10.0,0.581,2,0.605,-0.101
C000537,31,5.1,73260,705384,2791.72,52,100.0,8.4,0.904,0.096,0.578,7.0,0.499,2,0.689,0.056
C000538,32,6.0,98592,213563,3312.27,35,100.0,2.7,0.782,0.218,0.286,14.0,0.311,1,0.458,-0.002
C000539,56,4.0,74878,499243,3076.26,15,204.34,93.6,0.742,0.258,0.295,9.0,0.212,2,0.326,-0.163
C000540,36,2.7,106504,248142,3731.65,48,100.0,6.0,0.63,0.37,0.337,7.0,0.384,2,0.563,-0.191
C000541,34,3.9,90239,508434,3391.61,8,492.9,148.7,0.732,0.268,0.362,6.0,0.326,2,0.287,-0.243
C000542,37,2.2,81590,146661,3933.29,28,120.39,3.0,0.85,0.15,0.759,6.0,0.612,3,0.502,0.03
C000543,38,5.8,74201,359609,2535.42,40,100.0,17.1,0.917,0.083,0.446,3.0,0.51,1,0.544,-0.007
C000544,36,1.4,111370,332498,5966.24,44,123.73,4.0,0.605,0.395,0.712,14.0,0.898,3,0.81,-0.11
C000545,37,3.3,232134,728660,6552.08,44,231.3,4.9,0.781,0.219,0.804,16.0,0.586,2,0.447,0.084
C000546,33,4.8,69596,221841,3278.82,28,100.0,2.8,0.68,0.32,0.426,4.0,0.439,1,0.501,0.139
C000547,70,18.0,71672,696114,2704.95,42,100.0,1.8,0.838,0.162,0.405,2.0,0.313,3,0.548,-0.024
C000548,49,8.6,54073,136042,2269.49,29,100.0,4.9,0.656,0.344,0.864,19.0,0.687,1,0.551,0.04
C000549,42,5.0,141562,500615,4570.32,57,100.0,9.9,0.898,0.102,1.0,11.0,0.867,5,0.757,0.027
C000550,24,10.8,65591,829399,1631.66,29,100.0,13.6,0.578,0.422,0.696,6.0,0.539,2,0.589,-0.092
C000551,51,14.1,103003,430941,3944.47,17,188.7,37.7,0.595,0.405,0.651,15.0,0.649,1,0.341,0.051
C000552,37,4.2,107169,264523,2198.0,37,100.0,10.3,0.779,0.221,0.489,9.0,0.611,3,0.406,0.002
C000553,51,7.6,140590,1887661,6401.15,48,127.59,36.6,0.705,0.295,0.722,8.0,0.579,6,0.404,0.291
C000554,46,4.3,62354,89870,2298.54,37,100.0,1.5,0.699,0.301,0.722,9.0,0.452,1,0.699,0.271
C000555,50,17.5,61540,570548,2331.93,38,100.0,1.7,0.596,0.404,0.658,10.0,0.427,2,0.492,0.247
C000556,32,4.8,130171,154709,8047.43,48,184.39,7.4,0.826,0.174,0.609,13.0,0.514,2,0.6,-0.025
C000557,59,9.1,51979,142067,1073.54,14,100.0,180.0,0.815,0.185,0.447,6.0,0.713,2,0.44,-0.323
C000558,44,5.1,391338,2496216,22401.94,52,472.83,10.6,0.672,0.328,0.636,3.0,0.405,6,0.709,0.049
C000559,21,11.4,59843,320315,3007.23,37,100.0,5.7,0.731,0.269,0.713,15.0,0.508,3,0.643,0.124
C000560,25,7.6,59596,289827,1269.6,39,100.0,15.4,0.674,0.326,0.64,12.0,0.417,3,0.484,0.011
C000561,21,3.3,45447,221064,1376.52,32,100.0,7.2,0.94,0.06,0.925,11.0,0.579,1,0.646,-0.097
C000562,36,2.4,64093,175923,2360.45,43,100.0,5.9,0.618,0.382,0.669,8.0,0.506,3,0.637,0.047
C000563,41,2.8,168507,787884,9656.29,52,294.09,14.1,0.707,0.293,0.755,15.0,0.665,5,0.644,0.147
C000564,30,3.5,48438,198631,1218.63,14,114.05,80.5,0.748,0.252,0.344,13.0,0.356,1,0.381,-0.096
C000565,52,5.0,164210,2184452,8459.93,67,138.01,7.0,0.87,0.13,0.712,24.0,0.466,4,0.624,-0.006
C000566,66,7.4,63729,361200,2190.32,43,100.0,14.2,0.937,0.063,0.241,12.0,0.252,2,0.535,0.225
C000567,31,11.1,60327,1176244,2116.51,41,100.0,9.5,0.859,0.141,0.515,0.0,0.351,4,0.609,-0.088
C000568,47,5.8,101173,882329,2983.43,37,100.79,20.3,0.66,0.34,0.223,6.0,0.287,3,0.593,-0.031
C000569,24,13.6,151300,294772,9607.17,51,144.79,17.7,0.778,0.222,0.66,7.0,0.439,5,0.641,-0.069
C000570,34,4.5,251140,1632502,13565.99,60,255.95,9.5,0.777,0.223,0.788,17.0,0.697,5,0.736,0.06
C000571,31,4.3,53996,134739,2588.29,54,100.0,4.1,0.909,0.091,0.436,8.0,0.338,3,0.661,-0.076
C000572,47,4.9,116233,1074945,4326.47,60,100.0,19.3,0.786,0.214,0.728,14.0,0.68,5,0.654,0.03
C000573,46,14.3,155551,545592,8455.63,57,155.33,3.4,0.726,0.274,0.792,10.0,0.631,5,0.84,0.037
C000574,53,5.0,219470,1896342,12890.72,77,166.81,28.3,0.883,0.117,0.551,11.0,0.22,5,0.793,0.025
C000575,21,3.6,101830,319888,4161.94,14,253.91,11.8,0.522,0.478,0.606,11.0,0.158,3,0.488,-0.119
C000576,31,6.7,110688,667163,5762.81,54,100.0,11.2,0.924,0.076,0.547,4.0,0.491,4,0.664,0.19
C000577,44,4.7,91820,339400,3398.98,46,100.0,5.3,0.716,0.284,0.787,18.0,0.483,2,0.772,-0.277
C000578,56,8.9,78825,426114,3558.04,27,107.95,6.0,0.733,0.267,0.607,10.0,0.453,1,0.631,-0.128
C000579,23,6.4,210498,492357,6795.86,54,120.36,16.1,0.767,0.233,0.72,14.0,0.494,4,0.701,-0.135
C000580,47,13.6,106591,765233,4323.57,46,100.0,1.3,0.618,0.382,0.388,11.0,0.626,1,0.583,-0.163
C000581,38,7.0,121634,566823,6565.11,40,196.9,4.8,0.722,0.278,0.674,11.0,0.394,4,0.708,0.07
C000582,38,7.6,147425,815707,4600.54,19,208.31,121.0,0.679,0.321,0.274,0.0,0.268,1,0.284,-0.091
C000583,42,15.8,214880,358708,15103.06,62,285.35,4.6,0.722,0.278,0.633,15.0,0.783,4,0.816,0.09
C000584,49,5.4,64211,186768,2652.77,43,100.0,29.5,0.713,0.287,0.65,8.0,0.396,1,0.452,-0.184
C000585,59,15.6,109542,421970,5911.92,54,147.37,2.3,0.881,0.119,0.536,2.0,0.318,2,0.658,0.039
C000586,33,13.5,61051,485676,2361.77,30,100.0,9.6,0.622,0.378,0.811,14.0,0.405,1,0.56,0.118
C000587,34,6.1,129993,522412,7946.3,58,171.65,3.7,0.783,0.217,0.762,7.0,0.468,2,0.669,-0.054
C000588,23,3.5,70877,310333,2294.41,41,100.0,4.1,0.481,0.519,0.352,13.0,0.198,2,0.477,0.227
C000589,36,10.9,60912,181731,1733.62,9,239.72,180.0,0.623,0.377,0.285,12.0,0.471,2,0.344,-0.255
C000590,40,3.5,48175,136222,1599.29,39,100.0,6.1,0.795,0.205,0.748,18.0,0.481,1,0.404,-0.029
C000591,45,4.0,43706,138699,1461.19,25,100.0,16.4,0.736,0.264,0.845,13.0,0.768,2,0.651,0.08
C000592,25,5.9,87022,103686,4003.8,35,142.88,1.6,0.517,0.483,0.52,9.0,0.313,2,0.447,0.236
C000593,40,3.2,58399,301401,1378.03,26,100.0,1.7,0.615,0.385,0.948,15.0,0.7,1,0.451,-0.096
C000594,27,6.6,203548,477391,9542.69,69,233.41,6.5,0.88,0.12,1.0,21.0,0.884,5,0.828,-0.066
C000595,21,9.7,126305,577655,3883.18,40,107.3,44.8,0.854,0.146,0.547,8.0,0.723,5,0.532,0.016
C000596,39,0.7,124158,206294,5470.95,42,148.03,15.5,0.69,0.31,1.0,22.0,0.654,4,0.692,0.02
C000597,49,8.1,69527,258986,1344.69,26,100.0,5.7,0.798,0.202,0.438,11.0,0.311,2,0.445,0.037
C000598,45,6.4,53886,141798,1250.39,24,100.0,6.5,0.65,0.35,0.91,17.0,0.895,1,0.538,-0.08
C000599,48,8.5,62195,246082,2942.06,38,100.0,12.1,0.666,0.334,0.235,2.0,0.343,1,0.574,-0.091
C000600,23,10.2,189099,475041,12257.96,61,156.45,11.7,0.588,0.412,0.504,11.0,0.529,5,0.802,-0.038
