customer_id,product_id,holding_start_date,product_value,status
C000001,P001,2024-08-01,61722.44,Active
C000001,P003,2026-02-08,48233.1,Active
C000001,P007,2022-05-04,27893.45,Active
C000002,P001,2026-07-05,47242.43,Active
C000002,P003,2025-02-08,48022.85,Active
C000002,P007,2024-10-08,22429.42,Active
C000003,P001,2024-06-25,35194.69,Active
C000003,P003,2025-03-28,4276.95,Active
C000004,P003,2025-10-15,32388.19,Active
C000004,P006,2019-12-06,60183.29,Active
C000004,P007,2023-11-29,157760.46,Active
C000005,P001,2020-08-16,28134.52,Active
C000005,P004,2022-09-05,254427.69,Active
C000006,P001,2025-11-22,39265.58,Active
C000006,P003,2025-08-14,2851.69,Active
C000006,P004,2022-05-16,27600.88,Active
C000006,P006,2025-09-10,27201.49,Active
C000007,P001,2018-10-06,156595.85,Active
C000007,P002,2013-08-06,157017.96,Active
C000007,P003,2026-05-14,153645.32,Active
C000007,P004,2022-04-23,40037.99,Active
C000007,P006,2013-03-26,136631.02,Active
C000008,P001,2024-03-11,11478.48,Active
C000008,P004,2023-12-20,3505.5,Active
C000009,P001,2026-02-17,5690.65,Active
C000009,P002,2025-04-24,16667.53,Active
C000009,P005,2025-10-02,5128.93,Active
C000009,P006,2025-10-19,16605.84,Active
C000010,P001,2016-10-17,1696.99,Active
C000010,P004,2015-01-29,1564.32,Active
C000010,P005,2017-06-13,1949.64,Active
C000011,P001,2022-07-28,26976.43,Active
C000012,P001,2024-01-16,46306.84,Active
C000012,P002,2021-08-06,69978.23,Active
C000012,P003,2025-02-19,118060.74,Active
C000012,P006,2022-05-23,21731.42,Active
C000012,P008,2023-10-05,85035.98,Active
C000013,P001,2024-05-23,71467.69,Active
C000013,P004,2025-05-09,18573.26,Active
C000013,P006,2026-01-20,34976.28,Active
C000014,P001,2022-07-13,51003.36,Active
C000014,P002,2024-03-20,16726.02,Active
C000014,P003,2025-09-09,32234.21,Active
C000014,P006,2025-08-15,112055.13,Active
C000014,P007,2026-04-14,10367.5,Active
C000014,P008,2025-10-10,42149.36,Active
C000015,P001,2021-08-21,22338.37,Active
C000016,P001,2025-08-21,8681.25,Active
C000016,P003,2025-05-15,5076.2,Active
C000017,P001,2022-02-05,62593.71,Active
C000018,P001,2023-05-13,183960.27,Active
C000018,P003,2024-06-27,88977.05,Active
C000019,P001,2025-02-01,82161.36,Active
C000020,P001,2022-07-31,57773.02,Active
C000020,P003,2019-08-12,75559.62,Active
C000020,P005,2026-06-22,80731.65,Active
C000020,P007,2020-11-01,15933.96,Active
C000021,P001,2016-11-14,47253.89,Active
C000021,P003,2014-01-05,54890.1,Active
C000022,P001,2023-06-05,12951.0,Active
C000023,P003,2023-11-04,17509.39,Active
C000023,P006,2025-10-11,36868.98,Active
C000024,P001,2024-05-24,62597.95,Active
C000024,P002,2022-04-05,213457.67,Active
C000024,P003,2026-07-09,211867.05,Active
C000024,P006,2023-12-16,186386.4,Active
C000024,P007,2023-03-15,47676.67,Active
C000025,P001,2026-05-13,143937.34,Active
C000026,P001,2025-07-28,479578.69,Active
C000026,P003,2023-11-25,331225.6,Active
C000026,P006,2026-01-15,435287.32,Active
C000026,P007,2022-07-11,64204.08,Active
C000027,P001,2026-05-30,28122.88,Active
C000028,P001,2022-01-12,82142.12,Active
C000028,P003,2023-02-06,321427.16,Active
C000028,P007,2025-01-20,83109.7,Active
C000029,P001,2022-05-21,64957.09,Active
C000029,P003,2024-06-07,67808.42,Active
C000030,P001,2019-11-13,60039.45,Active
C000030,P003,2017-12-15,49315.31,Active
C000030,P004,2023-10-20,70967.19,Active
C000031,P001,2023-07-22,22554.0,Active
C000032,P001,2022-03-07,69513.91,Active
C000033,P001,2024-01-21,12771.35,Active
C000034,P001,2025-08-11,66110.82,Active
C000034,P003,2024-12-31,113220.97,Active
C000034,P006,2025-09-25,34614.77,Active
C000034,P008,2024-11-30,45572.11,Active
C000035,P001,2021-01-14,15816.69,Active
C000035,P003,2023-07-12,2617.92,Active
C000036,P001,2025-06-06,71373.01,Active
C000036,P003,2024-03-19,24023.9,Active
C000037,P003,2024-12-19,8066.64,Active
C000038,P001,2024-12-17,68623.22,Active
C000039,P001,2023-01-02,91447.2,Active
C000039,P006,2026-04-03,112164.52,Active
C000040,P001,2020-12-19,9393.63,Active
C000040,P003,2023-10-10,12655.81,Active
C000040,P007,2024-06-28,14041.1,Active
C000041,P001,2023-06-28,65550.69,Active
C000042,P001,2024-04-28,259614.58,Active
C000042,P003,2025-08-25,29824.55,Active
C000042,P004,2025-03-14,276698.02,Active
C000042,P006,2022-06-03,68952.88,Active
C000042,P007,2024-09-29,238572.95,Active
C000043,P001,2025-08-09,129361.68,Active
C000043,P006,2024-12-11,44158.27,Active
C000044,P001,2016-08-21,101331.33,Active
C000044,P003,2024-08-14,37204.8,Active
C000044,P005,2021-12-04,192503.78,Active
C000044,P006,2024-01-13,137265.51,Active
C000044,P008,2018-03-19,159143.88,Active
C000045,P001,2025-11-22,20898.73,Active
C000045,P002,2022-11-14,81627.55,Active
C000046,P001,2010-04-28,32307.09,Active
C000046,P003,2016-10-04,47927.82,Active
C000046,P004,2018-04-21,225255.11,Active
C000047,P001,2026-05-17,99261.87,Active
C000047,P004,2023-08-13,81027.12,Active
C000048,P001,2025-05-18,16144.84,Active
C000049,P001,2024-04-23,10024.13,Active
C000049,P003,2024-03-14,17847.27,Active
C000049,P006,2025-12-08,19172.04,Active
C000049,P007,2026-01-11,8966.41,Active
C000050,P001,2019-10-23,9386.58,Active
C000050,P003,2022-06-28,4916.84,Active
C000051,P001,2020-07-22,58955.78,Active
C000051,P003,2022-05-29,47845.37,Active
C000051,P006,2025-02-07,84495.74,Active
C000052,P001,2022-01-19,8189.43,Active
C000053,P001,2024-10-28,100014.16,Active
C000053,P006,2022-05-21,36131.4,Active
C000054,P001,2026-01-23,70762.06,Active
C000054,P004,2024-10-25,69088.24,Active
C000055,P001,2021-09-03,3878.67,Active
C000055,P003,2023-11-29,18615.96,Active
C000056,P001,2025-07-22,6489.04,Active
C000056,P002,2025-07-16,40315.39,Active
C000057,P001,2026-04-13,17963.42,Active
C000057,P003,2024-03-30,58319.45,Active
C000058,P001,2026-06-06,25779.22,Active
C000058,P003,2026-06-17,6362.4,Active
C000058,P004,2022-04-25,3354.86,Active
C000059,P001,2023-11-24,25740.11,Active
C000059,P004,2024-10-09,22851.31,Active
C000059,P007,2023-06-26,22018.53,Active
C000060,P001,2019-08-27,58219.83,Active
C000060,P002,2025-02-26,54093.46,Active
C000060,P003,2025-02-19,85977.04,Active
C000061,P003,2026-03-16,15564.72,Active
C000062,P003,2021-05-01,495260.73,Active
C000063,P001,2023-04-30,124326.95,Active
C000063,P002,2025-01-28,160095.55,Active
C000063,P003,2018-08-11,131216.36,Active
C000063,P004,2016-09-04,15072.93,Active
C000063,P007,2022-07-27,16808.36,Active
C000064,P001,2025-11-19,37376.83,Active
C000065,P001,2019-08-19,35807.52,Active
C000066,P001,2025-10-24,85252.87,Active
C000067,P001,2015-12-17,29147.44,Active
C000068,P001,2025-04-08,22869.59,Active
C000068,P002,2022-02-05,19123.3,Active
C000068,P003,2020-06-15,31750.33,Active
C000068,P005,2024-11-16,26346.2,Active
C000068,P006,2016-03-02,10311.02,Active
C000068,P007,2024-11-03,26306.32,Active
C000068,P008,2022-12-21,18176.27,Active
C000069,P001,2024-03-05,38767.59,Active
C000069,P004,2022-06-16,64651.81,Active
C000069,P005,2026-02-04,148885.31,Active
C000069,P006,2021-10-14,162001.64,Active
C000069,P007,2020-01-03,189377.41,Active
C000070,P002,2025-05-24,38775.16,Active
C000070,P003,2024-07-06,58959.69,Active
C000071,P001,2023-10-15,26399.19,Active
C000072,P001,2023-05-04,435261.37,Active
C000072,P002,2025-08-24,373633.3,Active
C000072,P008,2017-09-22,401075.09,Active
C000073,P001,2021-12-26,16944.35,Active
C000073,P002,2020-09-28,10009.19,Active
C000073,P006,2023-05-17,31949.49,Active
C000074,P001,2012-02-15,87598.08,Active
C000074,P002,2008-12-20,32430.96,Active
C000074,P003,2016-05-14,129079.24,Active
C000074,P005,2010-11-02,145992.69,Active
C000074,P006,2022-11-21,72263.02,Active
C000074,P007,2018-12-16,103002.08,Active
C000075,P001,2022-06-02,278774.62,Active
C000076,P001,2023-06-05,325421.84,Active
C000076,P002,2020-01-22,448754.06,Active
C000076,P003,2024-04-26,99608.06,Active
C000076,P004,2019-05-17,224141.34,Active
C000076,P006,2021-02-14,221804.11,Active
C000076,P008,2024-11-08,131017.37,Active
C000077,P007,2021-05-03,56889.32,Active
C000078,P001,2025-11-04,11559.23,Active
C000078,P008,2023-07-17,2065.55,Active
C000079,P001,2025-01-15,178018.1,Active
C000080,P001,2023-08-24,32772.66,Active
C000080,P005,2025-12-04,35583.71,Active
C000080,P006,2018-10-04,58887.83,Active
C000080,P007,2017-10-19,10080.83,Active
C000081,P001,2015-12-01,57961.37,Active
C000081,P003,2021-12-18,98503.9,Active
C000081,P004,2016-12-13,14724.74,Active
C000082,P001,2022-10-23,31836.2,Active
C000082,P003,2023-06-06,37896.21,Active
C000083,P001,2020-07-14,273230.56,Active
C000084,P001,2025-03-10,11531.78,Active
C000085,P001,2024-05-30,59071.22,Active
C000085,P003,2024-05-19,61128.44,Active
C000086,P001,2021-06-01,4449.44,Active
C000086,P003,2026-05-01,21806.63,Active
C000087,P001,2022-07-08,13100.2,Active
C000087,P003,2024-03-08,29068.47,Active
C000088,P001,2024-07-06,86171.76,Active
C000089,P001,2023-01-30,95800.3,Active
C000089,P002,2026-04-06,68603.29,Active
C000089,P006,2022-05-21,82610.98,Active
C000090,P001,2025-02-26,198061.93,Active
C000090,P002,2020-12-01,248493.56,Active
C000090,P003,2021-11-26,421000.89,Active
C000090,P006,2025-07-11,101963.88,Active
C000091,P001,2024-10-09,124246.48,Active
C000091,P002,2024-11-09,59742.4,Active
C000091,P005,2022-07-28,83665.3,Active
C000091,P008,2022-11-24,51604.98,Active
C000092,P001,2023-12-22,56423.33,Active
C000093,P001,2025-03-30,69469.28,Active
C000093,P002,2025-04-25,155341.48,Active
C000093,P003,2024-04-01,191565.16,Active
C000093,P004,2024-08-03,20227.79,Active
C000093,P006,2025-02-23,143446.72,Active
C000093,P007,2023-02-06,206957.94,Active
C000094,P001,2025-09-24,65312.13,Active
C000095,P001,2022-01-16,219.14,Active
C000095,P007,2021-09-03,2020.52,Active
C000096,P001,2018-06-23,31485.97,Active
C000096,P003,2017-06-05,63810.82,Active
C000096,P007,2022-11-22,80910.71,Active
C000097,P001,2022-06-13,41538.18,Active
C000097,P004,2025-11-18,33974.25,Active
C000097,P007,2024-09-17,55952.69,Active
C000098,P001,2023-12-21,46120.35,Active
C000098,P003,2021-06-12,441843.67,Active
C000098,P004,2025-06-01,169651.34,Active
C000098,P005,2021-10-02,47540.81,Active
C000098,P006,2022-06-11,59646.22,Active
C000098,P008,2025-07-25,45564.01,Active
C000099,P001,2026-06-11,96966.08,Active
C000100,P001,2025-10-18,8127.26,Active
C000100,P003,2023-09-19,12327.0,Active
C000101,P001,2022-07-04,200469.13,Active
C000101,P004,2025-05-02,175161.51,Active
C000102,P001,2022-08-26,20777.47,Active
C000102,P003,2021-12-16,26831.01,Active
C000103,P001,2025-02-28,19645.89,Active
C000103,P003,2024-03-21,40913.46,Active
C000103,P007,2024-10-17,40143.67,Active
C000104,P001,2022-06-01,92294.82,Active
C000105,P001,2020-06-20,30904.59,Active
C000105,P002,2024-07-25,58317.62,Active
C000105,P003,2023-06-25,6572.0,Active
C000106,P001,2020-09-24,252468.52,Active
C000106,P003,2021-01-18,197934.77,Active
C000107,P002,2019-02-25,58201.93,Active
C000108,P001,2026-07-20,19791.47,Active
C000108,P003,2018-04-09,23313.89,Active
C000108,P007,2017-03-02,48352.16,Active
C000109,P001,2024-03-20,46026.27,Active
C000109,P003,2026-03-10,157464.62,Active
C000110,P001,2016-08-31,39716.25,Active
C000111,P001,2025-08-25,93185.41,Active
C000111,P003,2023-08-27,293807.51,Active
C000111,P007,2022-09-21,318658.66,Active
C000111,P008,2025-05-08,227597.98,Active
C000112,P001,2024-07-25,35118.84,Active
C000112,P007,2019-06-23,50138.76,Active
C000113,P001,2025-01-10,139066.59,Active
C000113,P007,2023-07-29,334177.53,Active
C000114,P001,2019-10-31,28729.56,Active
C000114,P003,2022-11-28,137885.71,Active
C000115,P001,2025-03-01,28161.46,Active
C000115,P002,2022-11-06,115262.3,Active
C000115,P003,2021-01-21,13998.23,Active
C000115,P004,2022-01-18,129740.05,Active
C000115,P006,2025-01-09,18897.52,Active
C000116,P001,2025-07-26,20023.74,Active
C000116,P002,2022-06-29,56911.02,Active
C000116,P003,2026-02-07,45688.33,Active
C000116,P004,2024-11-10,55678.82,Active
C000116,P006,2021-03-05,5077.9,Active
C000116,P007,2024-11-12,53080.37,Active
C000116,P008,2020-02-26,8062.23,Active
C000117,P001,2022-05-08,5251.11,Active
C000118,P001,2026-06-26,85592.36,Active
C000118,P002,2025-01-16,61553.77,Active
C000118,P003,2024-12-14,26987.65,Active
C000118,P005,2026-07-04,28393.03,Active
C000118,P007,2025-09-03,55862.28,Active
C000119,P003,2024-08-14,36216.06,Active
C000119,P004,2023-10-13,40249.34,Active
C000119,P008,2025-08-10,97251.57,Active
C000120,P001,2023-05-30,96699.18,Active
C000120,P002,2025-02-19,38412.84,Active
C000120,P003,2025-05-21,126697.58,Active
C000120,P004,2021-10-30,20401.45,Active
C000120,P006,2023-08-17,203797.15,Active
C000120,P008,2024-02-06,96687.25,Active
C000121,P001,2023-05-07,134953.02,Active
C000121,P003,2021-03-09,93202.86,Active
C000121,P004,2021-07-17,89064.01,Active
C000121,P006,2024-03-05,251570.0,Active
C000122,P001,2022-07-25,31008.15,Active
C000122,P004,2020-09-11,72157.19,Active
C000123,P003,2026-03-15,30899.38,Active
C000123,P007,2024-03-20,43098.21,Active
C000124,P001,2023-04-28,149275.37,Active
C000124,P002,2024-04-30,272121.28,Active
C000124,P003,2024-04-30,303611.56,Active
C000124,P005,2026-01-04,141126.58,Active
C000124,P008,2024-04-04,151442.39,Active
C000125,P001,2025-11-16,13935.91,Active
C000125,P003,2025-07-29,97058.22,Active
C000126,P001,2023-06-01,62509.92,Active
C000126,P006,2024-07-21,33637.26,Active
C000127,P001,2025-01-16,109341.67,Active
C000127,P002,2025-03-13,13201.91,Active
C000127,P003,2025-10-01,84639.51,Active
C000127,P004,2021-07-07,71502.28,Active
C000128,P001,2023-10-04,72999.12,Active
C000128,P003,2021-01-08,11881.16,Active
C000128,P007,2023-09-17,75855.85,Active
C000129,P001,2026-02-17,20575.63,Active
C000129,P002,2021-08-28,21175.67,Active
C000129,P003,2023-09-13,99855.56,Active
C000130,P001,2026-01-05,27591.07,Active
C000130,P003,2026-05-08,7416.45,Active
C000131,P001,2015-11-07,16039.01,Active
C000131,P003,2015-12-31,10695.58,Active
C000131,P004,2025-05-05,31465.31,Active
C000132,P001,2025-01-19,93991.84,Active
C000132,P002,2025-04-25,50444.6,Active
C000132,P003,2021-12-08,224094.95,Active
C000132,P006,2018-10-31,135142.6,Active
C000133,P001,2024-05-22,36502.76,Active
C000133,P003,2025-09-08,59531.01,Active
C000134,P001,2024-06-30,61721.79,Active
C000134,P003,2021-10-01,112815.53,Active
C000134,P004,2018-09-08,187973.29,Active
C000134,P008,2021-10-25,119004.96,Active
C000135,P001,2021-08-04,56719.45,Active
C000136,P001,2024-11-19,259.34,Active
C000136,P003,2024-09-26,2720.62,Active
C000136,P004,2024-11-14,2322.96,Active
C000136,P007,2022-03-21,185.18,Active
C000137,P003,2025-10-10,63788.89,Active
C000138,P001,2025-12-18,33870.32,Active
C000139,P001,2021-07-21,228825.24,Active
C000139,P007,2020-09-20,49201.77,Active
C000140,P001,2023-06-13,63288.19,Active
C000140,P003,2022-03-22,48747.27,Active
C000141,P001,2023-01-02,220461.55,Active
C000141,P003,2025-10-24,138638.87,Active
C000141,P006,2023-08-20,66338.54,Active
C000142,P001,2023-07-06,12964.86,Active
C000142,P003,2014-06-26,38153.33,Active
C000142,P005,2022-08-26,60643.23,Active
C000142,P008,2022-02-20,6826.71,Active
C000143,P001,2019-02-27,27959.32,Active
C000144,P001,2022-08-30,105114.4,Active
C000144,P003,2023-05-29,83935.98,Active
C000144,P006,2022-08-08,119313.97,Active
C000145,P001,2021-09-15,96677.62,Active
C000145,P006,2025-03-11,12542.5,Active
C000146,P001,2023-01-25,63035.31,Active
C000147,P001,2024-08-25,3766.17,Active
C000148,P003,2019-06-11,62087.16,Active
C000149,P001,2024-03-25,93941.71,Active
C000149,P002,2024-09-09,77517.71,Active
C000149,P003,2019-08-24,9214.33,Active
C000150,P001,2023-11-12,42566.85,Active
C000150,P003,2025-08-15,50459.38,Active
C000150,P007,2026-04-17,136365.98,Active
C000151,P001,2024-08-19,58124.04,Active
C000152,P001,2026-02-22,6626.89,Active
C000153,P001,2026-02-04,24271.72,Active
C000153,P006,2023-12-30,19448.05,Active
C000154,P001,2023-08-14,40718.15,Active
C000154,P002,2020-07-18,17991.05,Active
C000154,P003,2025-04-20,57346.6,Active
C000154,P004,2023-10-29,112016.89,Active
C000154,P005,2023-07-23,89261.71,Active
C000154,P007,2022-04-30,51728.67,Active
C000154,P008,2021-03-16,62626.33,Active
C000155,P001,2022-11-20,48118.05,Active
C000156,P001,2024-01-25,11213.09,Active
C000157,P001,2026-01-07,128018.62,Active
C000157,P002,2026-05-24,166805.38,Active
C000157,P003,2021-10-21,157518.85,Active
C000158,P001,2026-01-11,47619.85,Active
C000159,P003,2019-05-16,118210.36,Active
C000160,P001,2025-06-01,7761.79,Active
C000161,P002,2024-05-19,34845.04,Active
C000161,P003,2025-11-05,19337.56,Active
C000162,P001,2023-11-18,21888.95,Active
C000162,P002,2021-10-04,33528.31,Active
C000163,P001,2025-09-16,326177.99,Active
C000163,P003,2024-02-20,331852.74,Active
C000163,P004,2023-12-19,215363.59,Active
C000163,P006,2019-04-16,79326.67,Active
C000163,P007,2016-04-26,219732.87,Active
C000163,P008,2018-10-13,317725.13,Active
C000164,P001,2023-06-25,231304.3,Active
C000164,P003,2025-09-09,278251.08,Active
C000165,P001,2023-11-12,12391.56,Active
C000166,P004,2024-02-19,109497.42,Active
C000166,P006,2026-02-19,62307.39,Active
C000167,P001,2025-08-04,78649.54,Active
C000167,P002,2025-07-03,167661.43,Active
C000167,P003,2025-10-26,250432.8,Active
C000167,P004,2025-06-22,97470.76,Active
C000167,P006,2024-11-27,60224.58,Active
C000167,P007,2025-12-09,128819.62,Active
C000168,P001,2019-10-17,57889.69,Active
C000168,P007,2020-03-09,29754.72,Active
C000169,P001,2024-02-22,37508.68,Active
C000170,P001,2024-04-10,135910.56,Active
C000170,P003,2025-01-17,204877.8,Active
C000170,P007,2026-03-17,107420.01,Active
C000171,P001,2023-03-10,215561.68,Active
C000171,P003,2014-07-16,31207.17,Active
C000171,P006,2020-01-14,57011.14,Active
C000171,P007,2022-08-31,168671.28,Active
C000172,P001,2024-09-17,5353.87,Active
C000173,P001,2020-06-06,45517.9,Active
C000173,P003,2013-01-31,43843.69,Active
C000174,P001,2026-06-04,23563.63,Active
C000175,P001,2019-10-25,202857.46,Active
C000175,P003,2017-01-23,179678.27,Active
C000175,P006,2021-04-11,205824.39,Active
C000176,P001,2023-11-07,303060.19,Active
C000176,P003,2022-12-18,281629.94,Active
C000176,P005,2017-05-08,280184.74,Active
C000176,P006,2025-01-22,322789.41,Active
C000176,P007,2018-02-09,97410.27,Active
C000177,P001,2026-02-21,5888.6,Active
C000178,P001,2025-01-26,38539.59,Active
C000179,P001,2024-02-28,66409.82,Active
C000179,P003,2023-09-19,74689.42,Active
C000180,P001,2021-12-21,29900.94,Active
C000181,P001,2023-06-06,45360.86,Active
C000181,P003,2022-06-20,22277.53,Active
C000181,P006,2026-02-07,47655.47,Active
C000181,P007,2021-11-27,28368.48,Active
C000182,P001,2022-09-14,3600.11,Active
C000183,P003,2025-06-12,110204.21,Active
C000184,P001,2021-01-30,73621.53,Active
C000184,P002,2026-03-02,45908.87,Active
C000184,P006,2020-10-22,14774.43,Active
C000184,P007,2025-04-28,65366.39,Active
C000185,P001,2024-04-12,13502.77,Active
C000186,P001,2024-04-11,11456.88,Active
C000186,P003,2025-07-25,36664.42,Active
C000187,P001,2023-02-14,5013.78,Active
C000187,P003,2023-03-25,9407.06,Active
C000188,P001,2015-11-05,13958.79,Active
C000189,P001,2023-03-05,28409.07,Active
C000189,P007,2021-04-17,60376.42,Active
C000190,P001,2013-12-24,50669.94,Active
C000191,P001,2020-10-06,46856.07,Active
C000191,P003,2023-11-25,146538.06,Active
C000191,P004,2021-03-20,150283.86,Active
C000191,P006,2022-12-14,138045.53,Active
C000191,P007,2023-05-01,44412.02,Active
C000191,P008,2019-05-04,52113.41,Active
C000192,P001,2023-05-04,2732.16,Active
C000192,P003,2022-08-26,21633.38,Active
C000192,P006,2026-06-13,23742.78,Active
C000193,P001,2026-04-01,90024.18,Active
C000193,P003,2026-05-30,68465.75,Active
C000193,P005,2025-10-03,28069.48,Active
C000193,P006,2026-03-11,16084.08,Active
C000193,P007,2025-10-28,150822.01,Active
C000194,P001,2025-05-18,12316.29,Active
C000194,P003,2021-10-15,6426.29,Active
C000194,P004,2018-05-03,69131.55,Active
C000195,P001,2023-08-25,85146.82,Active
C000195,P003,2023-07-09,162220.59,Active
C000196,P001,2025-10-18,14935.81,Active
C000196,P003,2021-02-08,50522.25,Active
C000197,P001,2023-04-01,76898.72,Active
C000197,P006,2022-11-20,49625.06,Active
C000198,P001,2025-08-03,10298.45,Active
C000198,P002,2024-01-16,16667.75,Active
C000198,P003,2024-12-12,7381.39,Active
C000198,P005,2023-05-14,26209.01,Active
C000199,P001,2026-06-30,7388.03,Active
C000199,P002,2024-12-15,34801.74,Active
C000199,P003,2022-01-12,93938.82,Active
C000199,P006,2023-08-30,64696.7,Active
C000200,P001,2024-12-27,319515.27,Active
C000200,P003,2025-06-15,351672.14,Active
C000201,P001,2017-06-01,4103.07,Active
C000202,P001,2025-10-11,9005.48,Active
C000202,P003,2024-01-11,18155.42,Active
C000202,P006,2026-02-13,16782.51,Active
C000203,P001,2012-10-17,7906.64,Active
C000204,P001,2023-03-06,2682.56,Active
C000204,P006,2025-03-20,33956.37,Active
C000205,P003,2020-03-20,33009.32,Active
C000206,P001,2025-01-03,47602.08,Active
C000206,P003,2023-12-22,39096.3,Active
C000206,P004,2022-03-28,52545.49,Active
C000207,P001,2025-03-24,122251.03,Active
C000207,P003,2025-12-27,246674.26,Active
C000207,P004,2025-10-29,80614.52,Active
C000207,P005,2026-06-13,147168.15,Active
C000207,P006,2026-05-27,139760.29,Active
C000207,P007,2026-03-11,42649.55,Active
C000207,P008,2026-02-18,190242.27,Active
C000208,P001,2026-03-16,6696.31,Active
C000208,P003,2024-04-08,39238.58,Active
C000209,P001,2026-04-25,4770.49,Active
C000210,P001,2025-02-04,91974.29,Active
C000211,P001,2025-06-01,118551.31,Active
C000211,P003,2025-07-08,159149.91,Active
C000212,P001,2026-05-21,31792.59,Active
C000213,P001,2023-08-28,130336.99,Active
C000213,P004,2024-11-28,105959.4,Active
C000214,P001,2025-05-10,44632.66,Active
C000214,P003,2025-06-13,73552.07,Active
C000214,P004,2026-01-01,60010.06,Active
C000214,P006,2025-02-08,36234.49,Active
C000214,P007,2024-05-15,112164.4,Active
C000215,P001,2025-11-02,61800.28,Active
C000215,P002,2019-02-24,19345.08,Active
C000216,P001,2022-12-22,1505.75,Active
C000217,P001,2026-04-27,72758.08,Active
C000217,P004,2026-02-01,383687.57,Active
C000217,P006,2026-05-23,256828.24,Active
C000217,P008,2026-04-30,22365.33,Active
C000218,P001,2023-08-17,27072.55,Active
C000218,P003,2022-08-02,17852.53,Active
C000218,P004,2026-06-29,148657.08,Active
C000218,P006,2026-06-26,47844.04,Active
C000219,P003,2023-01-26,33162.2,Active
C000219,P004,2021-06-02,27942.87,Active
C000219,P006,2026-04-29,7829.58,Active
C000219,P007,2022-07-02,24453.55,Active
C000220,P001,2014-03-19,95556.08,Active
C000220,P004,2022-05-24,50040.56,Active
C000220,P005,2018-05-14,112989.71,Active
C000221,P001,2024-01-27,42329.93,Active
C000221,P003,2024-04-05,108893.33,Active
C000221,P004,2024-11-04,98375.89,Active
C000222,P001,2022-03-22,22561.77,Active
C000222,P003,2026-07-13,13419.51,Active
C000222,P004,2024-11-02,72857.87,Active
C000222,P006,2022-10-21,53573.82,Active
C000223,P001,2015-10-19,126466.85,Active
C000223,P003,2021-05-15,288041.31,Active
C000223,P004,2024-02-02,202716.95,Active
C000223,P005,2025-12-13,208211.3,Active
C000224,P001,2021-10-13,55943.11,Active
C000225,P001,2020-06-20,29057.56,Active
C000226,P001,2022-12-14,142559.33,Active
C000226,P002,2025-03-08,144443.65,Active
C000226,P003,2026-07-15,17981.63,Active
C000226,P006,2023-07-04,38304.33,Active
C000226,P007,2025-08-16,111024.71,Active
C000226,P008,2022-06-24,110675.56,Active
C000227,P001,2026-01-22,11872.45,Active
C000228,P003,2024-12-31,138316.72,Active
C000229,P001,2021-03-30,41561.37,Active
C000230,P001,2025-08-24,11027.49,Active
C000231,P001,2014-11-25,34908.0,Active
C000231,P005,2024-01-11,37789.59,Active
C000232,P001,2018-11-23,22174.4,Active
C000232,P002,2024-03-20,34628.32,Active
C000232,P004,2024-07-27,10194.87,Active
C000233,P001,2025-05-17,2490.48,Active
C000234,P003,2022-03-17,33818.54,Active
C000234,P004,2025-02-28,31500.5,Active
C000235,P001,2025-08-23,51257.77,Active
C000236,P001,2021-12-27,114134.14,Active
C000236,P005,2020-09-28,147898.52,Active
C000236,P007,2016-05-08,133336.77,Active
C000236,P008,2016-04-13,277862.64,Active
C000237,P001,2019-11-08,30366.27,Active
C000237,P004,2025-04-12,58210.92,Active
C000238,P001,2023-08-27,70634.97,Active
C000239,P001,2022-08-21,7128.15,Active
C000239,P003,2026-02-25,14919.5,Active
C000239,P006,2022-01-13,87118.36,Active
C000239,P007,2018-03-15,93997.86,Active
C000239,P008,2018-10-24,22177.6,Active
C000240,P001,2019-02-08,86932.06,Active
C000240,P003,2018-10-23,14374.46,Active
C000240,P007,2018-02-25,37205.21,Active
C000241,P001,2023-03-13,10997.5,Active
C000242,P001,2016-02-20,8356.38,Active
C000243,P001,2018-11-15,54979.52,Active
C000243,P003,2025-04-04,61284.81,Active
C000244,P001,2026-05-24,16527.59,Active
C000244,P003,2026-07-23,35961.02,Active
C000244,P005,2026-06-17,158310.57,Active
C000245,P001,2023-08-15,35440.87,Active
C000245,P002,2025-07-19,23856.17,Active
C000245,P003,2026-04-03,67384.96,Active
C000245,P007,2023-07-16,61035.73,Active
C000246,P001,2025-03-15,20399.53,Active
C000246,P006,2024-03-17,35665.58,Active
C000247,P001,2025-05-08,40377.0,Active
C000247,P003,2023-12-08,9415.36,Active
C000248,P001,2020-08-27,4825.72,Active
C000248,P003,2024-05-05,21856.27,Active
C000249,P001,2021-10-10,34092.55,Active
C000249,P003,2024-11-06,413497.6,Active
C000249,P004,2026-05-02,370563.83,Active
C000249,P007,2019-10-23,343687.37,Active
C000250,P001,2026-07-21,97800.78,Active
C000250,P003,2026-03-20,29368.06,Active
C000250,P006,2026-02-14,40921.89,Active
C000251,P001,2024-08-13,71193.68,Active
C000251,P004,2023-06-21,49543.58,Active
C000252,P001,2023-09-06,31631.73,Active
C000252,P002,2022-04-15,31565.01,Active
C000252,P004,2024-03-22,26461.84,Active
C000252,P007,2022-05-02,21832.28,Active
C000253,P001,2022-11-12,121050.4,Active
C000253,P003,2021-03-30,44257.72,Active
C000253,P006,2020-11-20,53083.03,Active
C000253,P008,2025-12-25,124351.85,Active
C000254,P001,2025-05-26,22299.78,Active
C000254,P003,2024-09-08,23177.99,Active
C000255,P001,2023-04-06,30264.31,Active
C000255,P003,2022-09-22,80510.14,Active
C000255,P007,2026-03-16,163192.0,Active
C000256,P001,2025-12-02,48285.03,Active
C000256,P002,2023-11-26,16825.97,Active
C000256,P003,2022-07-24,46956.74,Active
C000256,P006,2021-04-17,67312.07,Active
C000257,P001,2025-01-02,47816.1,Active
C000257,P003,2026-06-06,13897.71,Active
C000257,P007,2026-06-08,40462.98,Active
C000257,P008,2024-10-10,13913.06,Active
C000258,P001,2026-03-25,104437.46,Active
C000258,P003,2024-09-02,129794.4,Active
C000259,P001,2026-04-01,80019.18,Active
C000259,P003,2025-10-28,32280.13,Active
C000259,P007,2025-05-26,23355.47,Active
C000260,P001,2021-08-02,75265.26,Active
C000260,P002,2023-08-19,32003.11,Active
C000260,P003,2025-07-01,6146.61,Active
C000260,P005,2024-03-28,29374.08,Active
C000260,P008,2019-09-01,77037.67,Active
C000261,P001,2021-05-06,9213.22,Active
C000262,P001,2016-09-05,26135.92,Active
C000263,P001,2023-06-25,37465.33,Active
C000263,P002,2022-06-27,29782.82,Active
C000264,P004,2024-08-19,22831.05,Active
C000264,P005,2025-04-29,12630.15,Active
C000264,P006,2026-03-29,80700.91,Active
C000265,P001,2026-04-20,44952.24,Active
C000265,P003,2025-01-01,193496.6,Active
C000265,P004,2024-01-17,150595.47,Active
C000265,P006,2022-04-01,113673.7,Active
C000265,P008,2025-10-15,150124.45,Active
C000266,P001,2024-02-02,37818.19,Active
C000267,P003,2025-03-21,34548.22,Active
C000268,P001,2025-03-09,39234.42,Active
C000269,P001,2024-08-16,118547.59,Active
C000269,P002,2025-06-13,50351.33,Active
C000269,P003,2025-07-05,154315.71,Active
C000269,P004,2024-12-02,19191.27,Active
C000269,P007,2026-03-16,27560.59,Active
C000270,P001,2021-07-03,42715.16,Active
C000270,P004,2024-06-19,10313.12,Active
C000270,P005,2026-05-10,75207.41,Active
C000271,P001,2020-06-24,34323.91,Active
C000271,P002,2022-04-20,34416.29,Active
C000271,P007,2023-12-08,21171.44,Active
C000272,P001,2023-05-05,207704.24,Active
C000272,P002,2016-10-20,103744.11,Active
C000272,P003,2018-08-08,172296.65,Active
C000272,P005,2022-09-21,92275.84,Active
C000272,P006,2024-03-20,145930.53,Active
C000272,P008,2024-11-28,231784.16,Active
C000273,P001,2026-01-19,4641.71,Active
C000274,P001,2026-05-27,98943.55,Active
C000274,P003,2018-09-14,31864.95,Active
C000274,P004,2020-09-25,19762.8,Active
C000275,P004,2024-01-08,34561.58,Active
C000275,P006,2025-02-25,17790.9,Active
C000275,P007,2024-01-18,72142.19,Active
C000276,P001,2025-03-12,4136.32,Active
C000276,P003,2022-07-31,16364.19,Active
C000277,P001,2015-03-13,68796.65,Active
C000277,P003,2026-06-04,21748.01,Active
C000277,P005,2014-03-18,170900.68,Active
C000277,P007,2024-05-11,197078.95,Active
C000278,P001,2021-11-17,63205.97,Active
C000279,P001,2019-02-14,65120.65,Active
C000279,P005,2019-08-04,47683.13,Active
C000279,P006,2021-09-08,9232.71,Active
C000280,P001,2023-11-06,21763.1,Active
C000281,P001,2026-01-25,117448.74,Active
C000281,P003,2026-06-11,153218.17,Active
C000282,P001,2025-10-03,262429.55,Active
C000282,P003,2018-06-24,198447.69,Active
C000282,P005,2019-06-17,544507.33,Active
C000283,P001,2020-09-05,472577.9,Active
C000283,P003,2012-03-25,90317.5,Active
C000284,P001,2021-05-03,1825.35,Active
C000284,P002,2026-04-18,8362.13,Active
C000284,P003,2022-05-15,9261.33,Active
C000285,P001,2021-05-15,68635.74,Active
C000285,P003,2023-09-23,35713.19,Active
C000285,P004,2023-12-24,47399.5,Active
C000285,P006,2020-04-21,76134.2,Active
C000285,P007,2021-11-28,54656.15,Active
C000286,P001,2026-04-14,50827.12,Active
C000286,P003,2026-06-02,150603.32,Active
C000286,P004,2026-07-24,267344.37,Active
C000286,P005,2025-10-16,241185.18,Active
C000286,P006,2026-03-25,264386.89,Active
C000287,P001,2026-05-22,187415.94,Active
C000287,P003,2026-04-05,171548.56,Active
C000287,P007,2026-05-19,83486.1,Active
C000288,P001,2021-10-10,9970.73,Active
C000288,P003,2021-10-24,4989.41,Active
C000289,P001,2026-02-08,8453.88,Active
C000290,P001,2022-03-08,24306.53,Active
C000291,P001,2023-01-21,17841.85,Active
C000292,P001,2024-04-10,129225.1,Active
C000292,P005,2025-12-18,21577.99,Active
C000292,P006,2025-01-08,43842.4,Active
C000293,P001,2026-06-18,42409.3,Active
C000293,P003,2025-06-10,33788.69,Active
C000293,P005,2026-02-27,165213.72,Active
C000294,P001,2025-11-24,89301.41,Active
C000294,P006,2026-03-02,117183.15,Active
C000295,P001,2026-01-29,56001.84,Active
C000295,P003,2022-04-28,54496.3,Active
C000296,P001,2021-05-09,61765.1,Active
C000296,P002,2023-08-04,170960.48,Active
C000296,P004,2024-02-04,79460.9,Active
C000296,P007,2026-06-27,187932.57,Active
C000297,P001,2025-03-10,253684.79,Active
C000297,P002,2025-02-12,248406.81,Active
C000297,P003,2025-09-08,129373.49,Active
C000298,P001,2018-08-23,12087.84,Active
C000298,P002,2021-10-03,45320.26,Active
C000299,P001,2021-11-11,11812.74,Active
C000299,P003,2025-08-30,13581.25,Active
C000300,P001,2025-03-29,21486.65,Active
C000301,P001,2022-10-19,25588.0,Active
C000302,P002,2020-07-09,22563.37,Active
C000302,P003,2016-09-16,52834.88,Active
C000303,P001,2025-07-01,28602.77,Active
C000303,P003,2024-10-30,41400.02,Active
C000304,P001,2025-07-21,17978.86,Active
C000304,P003,2011-07-03,13454.81,Active
C000305,P001,2021-04-13,37366.42,Active
C000305,P004,2024-03-31,13047.35,Active
C000306,P001,2025-12-08,25390.67,Active
C000306,P004,2024-03-17,6351.66,Active
C000306,P007,2023-12-27,15507.39,Active
C000307,P001,2023-11-11,34863.43,Active
C000307,P005,2026-01-27,61250.76,Active
C000307,P006,2022-11-03,167265.19,Active
C000307,P007,2023-09-05,112076.05,Active
C000307,P008,2023-05-16,191419.28,Active
C000308,P001,2023-01-04,53239.39,Active
C000309,P001,2024-02-16,311365.12,Active
C000310,P001,2023-02-02,6493.27,Active
C000311,P001,2020-09-23,136617.25,Active
C000311,P004,2022-09-28,85946.76,Active
C000311,P007,2022-09-24,95538.7,Active
C000312,P001,2025-06-25,97321.65,Active
C000312,P002,2025-07-28,99918.61,Active
C000312,P004,2025-04-13,9288.59,Active
C000312,P006,2025-01-08,81214.35,Active
C000312,P007,2025-09-01,61748.58,Active
C000313,P001,2016-06-25,96157.14,Active
C000313,P002,2022-07-17,58513.36,Active
C000313,P003,2020-05-01,40078.05,Active
C000313,P006,2016-05-25,79790.78,Active
C000313,P007,2021-08-27,91692.04,Active
C000314,P001,2023-08-30,21017.23,Active
C000314,P003,2023-12-03,47445.53,Active
C000314,P004,2024-12-26,102082.48,Active
C000314,P006,2023-04-13,52488.31,Active
C000314,P007,2021-01-13,66211.83,Active
C000315,P001,2026-05-15,7497.45,Active
C000316,P001,2025-04-04,24095.1,Active
C000316,P003,2024-10-27,45010.77,Active
C000317,P001,2025-01-13,8710.36,Active
C000317,P003,2025-01-21,27093.08,Active
C000318,P001,2026-04-15,124121.66,Active
C000318,P007,2024-02-05,128309.98,Active
C000319,P001,2017-05-26,6330.41,Active
C000320,P001,2021-03-22,126950.64,Active
C000320,P002,2020-12-03,102993.46,Active
C000320,P003,2024-07-13,59559.35,Active
C000321,P001,2022-06-04,6981.98,Active
C000322,P001,2024-01-17,64305.87,Active
C000322,P003,2025-01-01,97702.23,Active
C000322,P004,2017-03-19,106528.53,Active
C000323,P001,2024-07-17,45228.72,Active
C000323,P003,2023-07-28,97287.72,Active
C000323,P006,2024-10-19,12235.71,Active
C000324,P001,2021-06-08,104922.66,Active
C000324,P003,2023-12-17,136839.88,Active
C000324,P006,2018-10-12,108096.37,Active
C000324,P007,2026-04-06,75003.59,Active
C000325,P001,2025-06-27,11526.39,Active
C000325,P006,2024-09-12,4384.2,Active
C000325,P007,2025-12-31,33060.38,Active
C000326,P001,2022-08-01,22519.09,Active
C000326,P003,2021-07-03,130426.68,Active
C000326,P006,2025-05-26,54076.1,Active
C000327,P001,2023-11-18,27204.01,Active
C000327,P002,2025-10-22,74412.5,Active
C000327,P003,2026-05-15,66527.09,Active
C000327,P006,2025-11-20,88697.2,Active
C000328,P001,2019-03-19,32614.49,Active
C000328,P003,2026-03-16,28376.53,Active
C000329,P001,2019-11-11,24333.77,Active
C000329,P002,2019-05-12,19028.58,Active
C000330,P001,2025-08-21,47311.59,Active
C000331,P001,2022-05-12,7712.01,Active
C000332,P001,2023-09-18,23104.02,Active
C000332,P002,2021-04-27,31769.62,Active
C000333,P001,2024-03-22,130393.35,Active
C000333,P003,2023-10-11,123225.67,Active
C000333,P005,2021-11-27,151665.81,Active
C000333,P006,2021-01-28,34581.01,Active
C000334,P001,2024-09-01,39001.74,Active
C000335,P001,2024-05-30,108735.25,Active
C000335,P003,2023-08-12,252753.71,Active
C000336,P001,2013-04-13,5980.38,Active
C000336,P006,2018-01-06,63120.02,Active
C000337,P001,2026-07-16,7472.15,Active
C000338,P001,2026-02-21,66897.67,Active
C000338,P002,2025-01-23,21774.02,Active
C000338,P003,2023-04-29,30492.76,Active
C000338,P004,2022-07-24,100185.41,Active
C000338,P007,2025-03-15,9107.48,Active
C000339,P001,2024-07-16,43986.84,Active
C000339,P002,2023-06-10,80519.45,Active
C000340,P003,2020-02-26,83347.91,Active
C000341,P003,2025-06-25,40090.09,Active
C000342,P001,2021-03-22,75327.4,Active
C000342,P002,2009-07-04,43335.46,Active
C000342,P003,2021-12-10,62500.46,Active
C000342,P004,2021-03-06,68705.3,Active
C000342,P005,2011-09-22,161911.13,Active
C000342,P006,2009-10-28,154807.07,Active
C000342,P007,2023-03-11,49644.46,Active
C000343,P001,2024-10-07,77047.01,Active
C000343,P003,2023-06-24,19779.81,Active
C000343,P004,2024-03-16,41893.8,Active
C000343,P007,2023-11-14,95667.25,Active
C000344,P001,2019-09-29,25546.86,Active
C000344,P002,2018-07-24,29359.93,Active
C000345,P001,2026-02-13,89489.16,Active
C000345,P003,2024-09-08,26614.63,Active
C000345,P004,2023-11-01,91548.99,Active
C000345,P006,2024-07-08,142066.1,Active
C000346,P001,2019-12-19,14565.74,Active
C000346,P002,2016-12-15,22993.51,Active
C000346,P003,2025-05-12,23789.87,Active
C000346,P006,2018-05-23,39851.85,Active
C000346,P007,2024-04-28,7209.92,Active
C000347,P001,2021-07-19,60520.36,Active
C000347,P003,2018-12-28,48758.15,Active
C000347,P006,2026-02-20,58109.34,Active
C000347,P007,2013-05-26,13242.62,Active
C000348,P001,2021-12-23,38593.24,Active
C000348,P006,2021-08-22,10746.21,Active
C000349,P001,2022-11-10,50949.43,Active
C000349,P003,2024-11-28,32842.95,Active
C000349,P006,2024-03-06,59882.24,Active
C000350,P003,2023-08-31,7372.04,Active
C000351,P001,2025-08-16,27771.85,Active
C000352,P001,2009-07-03,18781.02,Active
C000352,P002,2008-11-11,81866.44,Active
C000352,P003,2013-12-22,20585.93,Active
C000352,P004,2014-03-15,100144.26,Active
C000353,P001,2025-02-16,173513.09,Active
C000353,P003,2025-11-15,106188.86,Active
C000353,P004,2026-06-09,163311.59,Active
C000354,P001,2026-05-12,7280.41,Active
C000354,P003,2025-12-18,28519.14,Active
C000355,P003,2025-10-02,4340.67,Active
C000356,P001,2025-04-22,683307.3,Active
C000356,P003,2025-05-31,712317.59,Active
C000356,P004,2024-05-03,135343.54,Active
C000356,P006,2024-12-09,815294.75,Active
C000356,P008,2024-04-07,218201.33,Active
C000357,P003,2019-10-27,113650.47,Active
C000357,P006,2022-07-12,53176.27,Active
C000357,P007,2020-05-14,62279.02,Active
C000358,P003,2020-09-07,44361.09,Active
C000359,P001,2020-11-27,24180.83,Active
C000359,P003,2025-10-20,20303.41,Active
C000360,P001,2023-10-27,38697.61,Active
C000361,P001,2024-11-22,14819.27,Active
C000362,P001,2025-06-28,248157.87,Active
C000362,P003,2022-11-08,211108.71,Active
C000362,P004,2020-02-14,74660.04,Active
C000362,P005,2020-09-13,153530.02,Active
C000362,P006,2022-05-07,42207.59,Active
C000362,P008,2022-06-10,126942.22,Active
C000363,P001,2026-05-30,33396.17,Active
C000363,P002,2021-06-02,9902.43,Active
C000364,P003,2022-04-23,107623.16,Active
C000365,P001,2022-10-23,156955.33,Active
C000366,P001,2014-04-01,7479.03,Active
C000366,P002,2022-12-09,6513.01,Active
C000366,P003,2018-01-17,26341.66,Active
C000366,P004,2022-11-22,16842.0,Active
C000366,P006,2017-09-15,20748.6,Active
C000366,P007,2014-10-02,27345.38,Active
C000367,P001,2022-07-13,33098.99,Active
C000368,P001,2019-01-07,48343.67,Active
C000368,P003,2023-09-16,40061.09,Active
C000369,P002,2021-08-10,9370.49,Active
C000370,P001,2024-09-12,329759.91,Active
C000370,P002,2020-07-11,56920.35,Active
C000370,P003,2024-08-08,46522.22,Active
C000370,P004,2025-04-16,626149.11,Active
C000370,P005,2019-04-13,224713.07,Active
C000371,P001,2022-06-08,62030.62,Active
C000371,P003,2021-02-17,22509.3,Active
C000372,P001,2017-04-18,33414.07,Active
C000372,P003,2016-04-18,61828.49,Active
C000373,P001,2023-12-02,62258.01,Active
C000373,P003,2025-01-15,17214.98,Active
C000374,P001,2025-09-29,44473.98,Active
C000374,P003,2026-02-14,245289.3,Active
C000374,P004,2025-12-26,261437.5,Active
C000374,P006,2025-01-12,67082.94,Active
C000375,P001,2009-06-03,15214.94,Active
C000376,P001,2015-11-16,25698.97,Active
C000376,P007,2021-07-18,17372.81,Active
C000377,P001,2026-03-30,34097.21,Active
C000377,P003,2022-11-15,20014.7,Active
C000378,P001,2026-02-26,24766.34,Active
C000379,P001,2022-08-19,43949.13,Active
C000379,P003,2026-04-02,44551.47,Active
C000379,P004,2021-02-01,12782.23,Active
C000379,P008,2026-07-09,51861.75,Active
C000380,P001,2024-02-21,23904.83,Active
C000380,P002,2024-11-22,18652.86,Active
C000380,P003,2024-09-16,17260.84,Active
C000381,P001,2023-11-22,44639.08,Active
C000381,P002,2024-12-13,64735.44,Active
C000381,P003,2025-03-25,37109.13,Active
C000381,P004,2025-03-05,42581.92,Active
C000381,P006,2023-07-25,33919.94,Active
C000381,P008,2022-12-01,47651.36,Active
C000382,P001,2023-08-30,14885.27,Active
C000382,P002,2025-11-04,61781.21,Active
C000382,P003,2024-09-08,4892.91,Active
C000383,P001,2026-07-08,59286.2,Active
C000383,P003,2025-06-19,111078.89,Active
C000383,P004,2025-08-30,46111.3,Active
C000383,P006,2024-11-05,143247.66,Active
C000384,P001,2023-06-22,12819.28,Active
C000385,P001,2023-08-01,3394.69,Active
C000385,P004,2022-08-06,24115.88,Active
C000386,P001,2024-01-28,125303.15,Active
C000386,P003,2021-09-20,117234.23,Active
C000386,P006,2022-12-18,108519.93,Active
C000387,P002,2025-04-05,103085.97,Active
C000388,P001,2021-11-13,8913.84,Active
C000388,P002,2024-05-21,82673.18,Active
C000388,P003,2025-12-05,25538.6,Active
C000388,P004,2022-08-18,28692.45,Active
C000388,P005,2022-08-22,63957.29,Active
C000388,P006,2026-05-28,45095.98,Active
C000388,P007,2021-07-29,100603.52,Active
C000389,P001,2025-07-18,43473.3,Active
C000390,P001,2024-05-08,25093.28,Active
C000390,P003,2021-06-05,46597.82,Active
C000391,P001,2017-05-17,78513.18,Active
C000391,P004,2023-12-16,13539.51,Active
C000392,P001,2017-08-07,41116.64,Active
C000393,P001,2017-11-17,170994.19,Active
C000393,P004,2016-10-01,37870.49,Active
C000394,P001,2026-01-19,157563.12,Active
C000394,P003,2025-02-09,153412.54,Active
C000394,P007,2025-03-07,37394.36,Active
C000395,P001,2026-06-14,43986.2,Active
C000395,P004,2023-10-19,82846.46,Active
C000396,P003,2025-05-24,28739.96,Active
C000396,P004,2026-05-09,26131.14,Active
C000397,P001,2018-12-09,300974.94,Active
C000397,P003,2023-10-15,201267.22,Active
C000397,P004,2026-03-11,600723.14,Active
C000397,P006,2020-03-24,343692.71,Active
C000398,P001,2022-03-25,313031.37,Active
C000398,P003,2019-04-04,236225.11,Active
C000399,P002,2020-03-18,63654.88,Active
C000399,P003,2022-12-31,65468.79,Active
C000399,P007,2024-06-19,38154.37,Active
C000400,P001,2025-09-24,461718.95,Active
C000400,P002,2025-05-10,103068.78,Active
C000400,P005,2026-02-15,405486.19,Active
C000401,P003,2023-12-02,33350.38,Active
C000402,P001,2021-01-20,27874.33,Active
C000403,P001,2024-07-12,43671.35,Active
C000403,P003,2024-05-09,4601.73,Active
C000403,P005,2024-05-03,62904.82,Active
C000403,P006,2025-10-28,64006.77,Active
C000404,P001,2018-04-05,146019.31,Active
C000404,P002,2023-03-23,153549.5,Active
C000405,P001,2026-01-29,135041.87,Active
C000405,P003,2025-11-24,47341.43,Active
C000405,P005,2025-08-14,78713.34,Active
C000405,P006,2025-12-16,10012.12,Active
C000406,P001,2025-05-16,30663.36,Active
C000406,P003,2024-08-17,30017.03,Active
C000406,P007,2026-05-26,36520.56,Active
C000407,P001,2025-08-31,69503.07,Active
C000408,P001,2026-02-23,22331.14,Active
C000408,P003,2014-12-30,17398.93,Active
C000409,P001,2026-04-25,15043.26,Active
C000409,P006,2026-02-11,44624.33,Active
C000410,P001,2025-11-09,38727.53,Active
C000410,P003,2026-06-12,102758.23,Active
C000410,P007,2024-02-22,80798.1,Active
C000411,P001,2026-01-05,22523.51,Active
C000412,P001,2016-09-18,78175.58,Active
C000412,P003,2020-03-17,228958.01,Active
C000413,P001,2026-01-04,413234.82,Active
C000414,P001,2026-03-26,83550.56,Active
C000414,P003,2024-11-11,124350.95,Active
C000414,P006,2026-05-22,57622.19,Active
C000415,P001,2023-08-07,229142.87,Active
C000415,P003,2026-06-20,333443.95,Active
C000416,P001,2024-03-05,137106.33,Active
C000416,P003,2026-03-28,62443.88,Active
C000416,P007,2024-07-18,170697.8,Active
C000417,P001,2022-03-04,6041.44,Active
C000417,P002,2024-05-15,91499.51,Active
C000417,P003,2023-07-25,12169.08,Active
C000417,P006,2023-05-05,25097.77,Active
C000418,P001,2024-09-21,72326.48,Active
C000418,P002,2016-07-23,29275.55,Active
C000418,P005,2018-01-22,29780.11,Active
C000419,P001,2026-03-27,8072.19,Active
C000419,P003,2026-06-15,12942.04,Active
C000420,P001,2026-04-15,101836.85,Active
C000421,P002,2023-11-17,72250.1,Active
C000421,P003,2026-03-09,113008.07,Active
C000422,P001,2024-05-20,99585.4,Active
C000422,P003,2024-01-03,93648.34,Active
C000423,P001,2025-06-20,27344.05,Active
C000423,P003,2025-12-29,11996.72,Active
C000424,P001,2016-06-29,123442.52,Active
C000424,P003,2023-06-10,36323.85,Active
C000424,P004,2016-02-06,10860.64,Active
C000424,P006,2025-03-20,99285.27,Active
C000425,P001,2023-03-12,35273.12,Active
C000425,P003,2024-12-30,7125.79,Active
C000425,P006,2020-03-06,24985.79,Active
C000426,P001,2024-11-13,12683.35,Active
C000427,P001,2026-06-27,176726.48,Active
C000427,P006,2024-11-27,240837.68,Active
C000428,P001,2023-11-16,1038.71,Active
C000429,P001,2025-02-12,3101.67,Active
C000429,P003,2021-09-15,1710.88,Active
C000429,P004,2021-07-28,8956.2,Active
C000430,P001,2022-04-26,21080.27,Active
C000430,P002,2023-06-29,6264.94,Active
C000431,P001,2022-06-13,57259.19,Active
C000431,P003,2021-01-25,118705.19,Active
C000432,P001,2024-06-21,81155.21,Active
C000432,P003,2026-02-10,92543.17,Active
C000432,P004,2026-04-11,20056.04,Active
C000433,P001,2024-08-08,49896.62,Active
C000433,P002,2021-03-16,45362.13,Active
C000433,P003,2023-07-15,57202.78,Active
C000434,P001,2026-05-15,5378.64,Active
C000435,P001,2025-06-28,32782.78,Active
C000435,P006,2025-04-18,46097.22,Active
C000435,P007,2026-05-01,52468.34,Active
C000436,P001,2024-12-26,47174.94,Active
C000436,P003,2022-10-19,55854.66,Active
C000437,P001,2019-02-19,21055.55,Active
C000438,P001,2023-01-29,92431.5,Active
C000438,P002,2025-08-02,74184.54,Active
C000439,P001,2025-09-01,77149.44,Active
C000440,P001,2025-11-08,23426.11,Active
C000440,P003,2026-05-16,13458.68,Active
C000440,P004,2026-05-18,16073.92,Active
C000440,P006,2025-07-31,29940.07,Active
C000441,P001,2024-12-31,86939.42,Active
C000441,P002,2020-05-09,171382.5,Active
C000442,P001,2017-09-18,17678.43,Active
C000443,P001,2018-09-13,21974.65,Active
C000443,P002,2011-07-29,20397.12,Active
C000443,P003,2024-07-24,20094.38,Active
C000443,P006,2012-06-10,18364.21,Active
C000444,P001,2019-08-15,132211.97,Active
C000444,P003,2022-12-23,13014.83,Active
C000444,P004,2026-06-17,74177.85,Active
C000444,P007,2024-04-17,80435.85,Active
C000445,P001,2025-03-16,133629.22,Active
C000445,P002,2021-12-06,63172.12,Active
C000445,P003,2025-03-30,147169.84,Active
C000445,P004,2022-12-28,217010.88,Active
C000446,P001,2025-11-27,59038.82,Active
C000446,P006,2026-04-13,183788.89,Active
C000447,P001,2023-08-13,49343.58,Active
C000448,P004,2026-03-05,8191.06,Active
C000449,P001,2021-12-24,68735.56,Active
C000449,P003,2021-01-14,101562.94,Active
C000450,P001,2025-08-03,61405.0,Active
C000450,P002,2025-06-19,104677.46,Active
C000450,P003,2026-02-24,52588.66,Active
C000451,P001,2022-11-02,15648.44,Active
C000451,P003,2024-04-13,31228.17,Active
C000452,P001,2026-03-08,35941.46,Active
C000452,P006,2026-05-16,10332.14,Active
C000453,P001,2026-06-20,64545.54,Active
C000454,P003,2023-09-06,24099.8,Active
C000455,P001,2026-06-28,33309.84,Active
C000455,P005,2024-10-10,42158.63,Active
C000455,P007,2018-06-18,36045.26,Active
C000456,P001,2023-10-23,5222.9,Active
C000456,P002,2024-10-30,33106.8,Active
C000456,P004,2024-03-31,7354.6,Active
C000457,P003,2023-10-16,20488.89,Active
C000457,P004,2021-12-28,73373.27,Active
C000457,P006,2020-10-16,166053.75,Active
C000457,P007,2024-05-03,112487.89,Active
C000457,P008,2020-09-20,92569.0,Active
C000458,P001,2019-07-03,77234.01,Active
C000458,P005,2016-05-20,83089.66,Active
C000459,P001,2022-10-08,44781.35,Active
C000459,P007,2021-02-13,66024.06,Active
C000460,P001,2026-05-13,68380.94,Active
C000460,P002,2026-07-01,63565.93,Active
C000460,P003,2026-04-02,49702.71,Active
C000460,P004,2025-11-20,58104.96,Active
C000460,P006,2026-01-10,7181.9,Active
C000461,P001,2024-11-16,59726.16,Active
C000462,P001,2014-04-20,8144.74,Active
C000462,P003,2017-09-02,111540.79,Active
C000462,P004,2013-05-31,98326.52,Active
C000462,P007,2016-08-04,69159.88,Active
C000463,P001,2019-07-25,39862.04,Active
C000464,P001,2021-03-15,3292.82,Active
C000465,P001,2017-01-23,33320.35,Active
C000465,P003,2025-11-13,67855.98,Active
C000465,P006,2020-05-29,79775.5,Active
C000466,P001,2025-01-25,83664.42,Active
C000466,P003,2026-05-18,73239.89,Active
C000466,P007,2021-12-29,40174.12,Active
C000466,P008,2026-05-11,76406.63,Active
C000467,P001,2022-05-14,8068.75,Active
C000468,P001,2025-01-02,13407.15,Active
C000469,P001,2026-05-14,2359.14,Active
C000470,P002,2026-04-04,27677.14,Active
C000470,P004,2026-02-14,35599.7,Active
C000470,P007,2025-01-29,37645.48,Active
C000471,P001,2021-04-21,27440.12,Active
C000471,P002,2022-06-06,119202.59,Active
C000471,P003,2026-07-06,101080.6,Active
C000471,P004,2025-03-05,187307.15,Active
C000471,P006,2021-12-14,148452.66,Active
C000471,P008,2026-07-04,163196.88,Active
C000472,P001,2023-02-04,11164.43,Active
C000473,P001,2024-04-28,173016.86,Active
C000473,P003,2024-05-07,125456.84,Active
C000474,P003,2023-02-02,6988.83,Active
C000474,P007,2022-09-03,14739.35,Active
C000475,P001,2021-09-15,11767.93,Active
C000475,P003,2022-07-24,46209.47,Active
C000475,P007,2024-02-24,116238.94,Active
C000476,P001,2026-02-03,37021.75,Active
C000476,P003,2026-05-04,11958.71,Active
C000477,P001,2018-08-20,90804.01,Active
C000477,P002,2020-06-21,46926.01,Active
C000477,P003,2016-05-19,12010.12,Active
C000478,P001,2026-06-03,14855.33,Active
C000478,P004,2026-04-18,8933.93,Active
C000479,P001,2016-08-04,18937.94,Active
C000479,P002,2017-05-06,50868.74,Active
C000480,P001,2024-11-02,89105.49,Active
C000480,P003,2017-12-29,12814.61,Active
C000480,P004,2020-11-20,49939.26,Active
C000480,P005,2024-05-12,43916.11,Active
C000481,P001,2024-05-06,33560.44,Active
C000481,P007,2026-05-04,12975.38,Active
C000482,P001,2025-11-05,207204.35,Active
C000482,P002,2021-07-24,26797.27,Active
C000482,P003,2022-03-04,41499.13,Active
C000483,P001,2025-09-01,59537.67,Active
C000483,P003,2025-06-16,85016.12,Active
C000483,P006,2025-05-27,59460.92,Active
C000484,P001,2026-02-23,18826.64,Active
C000484,P004,2026-01-10,3184.13,Active
C000485,P001,2024-06-19,106858.56,Active
C000485,P003,2025-01-23,112504.13,Active
C000486,P001,2020-05-29,59184.52,Active
C000486,P003,2021-02-01,94059.58,Active
C000487,P001,2020-05-13,19555.34,Active
C000487,P003,2024-01-03,9123.96,Active
C000487,P005,2022-08-09,33255.01,Active
C000488,P001,2011-12-25,366057.49,Active
C000488,P002,2019-04-01,198365.19,Active
C000488,P003,2013-05-17,305612.1,Active
C000488,P004,2012-09-25,104421.33,Active
C000488,P005,2022-03-24,88144.95,Active
C000488,P006,2013-04-15,335025.3,Active
C000488,P007,2011-03-27,154199.13,Active
C000489,P001,2023-07-23,13473.51,Active
C000490,P001,2025-06-26,60480.1,Active
C000490,P002,2022-05-27,9742.89,Active
C000490,P003,2012-06-30,7261.42,Active
C000491,P001,2022-02-07,8647.02,Active
C000491,P003,2024-06-13,117113.3,Active
C000492,P001,2024-04-28,145515.81,Active
C000492,P003,2025-02-03,130527.37,Active
C000492,P007,2022-04-19,98652.63,Active
C000493,P001,2026-05-14,44667.28,Active
C000493,P002,2026-07-03,19981.16,Active
C000493,P007,2026-01-22,27575.25,Active
C000494,P001,2014-08-11,11588.39,Active
C000495,P003,2025-06-08,143398.81,Active
C000496,P001,2020-10-05,2131.09,Active
C000496,P003,2023-03-03,4512.56,Active
C000497,P001,2026-05-02,82451.99,Active
C000497,P003,2025-10-02,9845.53,Active
C000498,P001,2025-09-06,111637.48,Active
C000499,P001,2026-05-02,58267.72,Active
C000499,P006,2024-11-03,93474.32,Active
C000500,P001,2018-10-19,4520.97,Active
C000501,P002,2022-07-13,221041.46,Active
C000501,P003,2025-04-17,284284.13,Active
C000501,P005,2026-05-22,298147.45,Active
C000501,P006,2024-12-18,122347.25,Active
C000501,P007,2024-06-15,320545.43,Active
C000501,P008,2021-12-23,276674.85,Active
C000502,P003,2025-09-12,6567.78,Active
C000503,P001,2022-06-11,14397.22,Active
C000504,P001,2023-10-01,80941.09,Active
C000505,P001,2024-08-14,46901.11,Active
C000505,P003,2025-11-02,31964.04,Active
C000506,P003,2025-08-01,128324.08,Active
C000506,P006,2025-04-12,8228.2,Active
C000507,P001,2017-04-18,49968.09,Active
C000508,P001,2020-04-15,129218.41,Active
C000508,P002,2015-01-22,134849.32,Active
C000508,P003,2015-11-09,68324.74,Active
C000508,P005,2013-04-10,44320.3,Active
C000508,P006,2013-11-20,131977.25,Active
C000509,P001,2023-09-15,58736.44,Active
C000509,P002,2024-06-13,40988.34,Active
C000509,P006,2024-07-06,43672.21,Active
C000510,P001,2024-08-10,221396.34,Active
C000510,P003,2023-11-09,168137.85,Active
C000510,P004,2012-12-24,107906.41,Active
C000511,P001,2024-09-07,41913.73,Active
C000511,P002,2026-01-17,29342.07,Active
C000512,P001,2025-09-06,24355.64,Active
C000512,P003,2024-10-23,120593.62,Active
C000512,P004,2025-04-04,42180.8,Active
C000512,P006,2025-09-04,94287.01,Active
C000513,P006,2014-12-10,296729.89,Active
C000514,P001,2013-09-22,35364.05,Active
C000515,P001,2024-05-14,2781.5,Active
C000515,P003,2021-10-15,35800.38,Active
C000515,P006,2025-04-20,24667.15,Active
C000515,P007,2020-12-07,7441.17,Active
C000516,P001,2018-07-16,15511.38,Active
C000516,P004,2019-06-27,53637.23,Active
C000516,P006,2025-09-25,16782.04,Active
C000516,P007,2017-04-11,62461.39,Active
C000516,P008,2021-07-17,13597.48,Active
C000517,P001,2020-10-18,21215.34,Active
C000518,P001,2020-06-17,39519.53,Active
C000518,P002,2020-08-17,63309.42,Active
C000518,P003,2020-12-30,10378.94,Active
C000518,P006,2021-04-24,66952.63,Active
C000518,P008,2023-06-29,113899.96,Active
C000519,P001,2024-11-08,20692.54,Active
C000520,P001,2025-05-28,7727.4,Active
C000520,P003,2025-05-12,11080.63,Active
C000521,P001,2019-03-17,145557.62,Active
C000521,P002,2020-05-17,302995.51,Active
C000521,P003,2024-11-18,214524.32,Active
C000521,P004,2018-01-21,119022.72,Active
C000521,P005,2025-03-12,196077.98,Active
C000521,P006,2022-12-28,104504.97,Active
C000521,P008,2018-08-22,49014.25,Active
C000522,P003,2026-01-18,196410.66,Active
C000523,P001,2020-03-27,58855.4,Active
C000523,P007,2023-12-11,17990.88,Active
C000524,P001,2025-03-24,142939.99,Active
C000524,P003,2026-03-15,133058.45,Active
C000525,P001,2020-10-07,43239.04,Active
C000525,P008,2026-02-03,84330.31,Active
C000526,P001,2024-08-03,31885.48,Active
C000526,P006,2022-01-03,160020.55,Active
C000527,P001,2023-05-08,69802.05,Active
C000527,P003,2025-09-04,32439.88,Active
C000527,P007,2017-05-26,15752.7,Active
C000528,P001,2017-03-29,1464.81,Active
C000529,P001,2026-02-08,88025.74,Active
C000529,P003,2024-07-13,78423.87,Active
C000530,P001,2023-07-04,59346.58,Active
C000530,P003,2022-01-07,46977.28,Active
C000530,P006,2021-12-03,174920.11,Active
C000531,P001,2023-09-01,31375.99,Active
C000532,P001,2020-12-11,164292.48,Active
C000533,P001,2022-08-10,54792.19,Active
C000533,P002,2023-09-27,68206.29,Active
C000533,P003,2025-08-02,125964.95,Active
C000533,P006,2026-05-28,46196.79,Active
C000534,P001,2024-05-09,130794.83,Active
C000535,P001,2019-12-30,88038.52,Active
C000535,P004,2026-06-01,84605.53,Active
C000535,P006,2017-05-23,16411.61,Active
C000535,P007,2023-11-07,181655.7,Active
C000536,P001,2023-07-28,104210.74,Active
C000536,P003,2023-09-19,59607.22,Active
C000537,P003,2024-09-28,149963.24,Active
C000537,P004,2024-05-05,138533.32,Active
C000538,P001,2021-12-03,48170.43,Active
C000539,P001,2026-04-26,83245.0,Active
C000539,P004,2025-05-07,74470.58,Active
C000540,P001,2025-06-24,21337.21,Active
C000540,P003,2024-07-25,53444.24,Active
C000541,P001,2025-04-07,123907.21,Active
C000541,P003,2026-02-10,17712.12,Active
C000542,P003,2025-08-17,16448.68,Active
C000542,P004,2025-02-22,41925.59,Active
C000542,P005,2025-05-16,9862.26,Active
C000543,P001,2021-09-21,101009.14,Active
C000544,P001,2026-07-09,93700.85,Active
C000544,P003,2025-10-09,68852.59,Active
C000544,P004,2026-02-08,70228.02,Active
C000545,P001,2024-01-29,188412.5,Active
C000545,P003,2023-12-29,14245.87,Active
C000546,P001,2023-08-16,38299.38,Active
C000547,P001,2025-12-09,39989.12,Active
C000547,P003,2013-10-03,104388.38,Active
C000547,P006,2012-10-29,49742.05,Active
C000548,P001,2021-01-03,10119.0,Active
C000549,P001,2024-02-07,97675.29,Active
C000549,P003,2024-09-07,35543.99,Active
C000549,P004,2023-05-21,148590.22,Active
C000549,P006,2023-12-28,74453.74,Active
C000549,P007,2026-04-22,62196.24,Active
C000550,P001,2025-05-09,240575.96,Active
C000550,P007,2017-02-07,119167.79,Active
C000551,P001,2017-12-07,43224.23,Active
C000552,P001,2025-04-03,21801.51,Active
C000552,P004,2023-06-28,15495.4,Active
C000552,P007,2024-04-28,48105.47,Active
C000553,P001,2021-04-13,138502.43,Active
C000553,P003,2023-11-17,50310.1,Active
C000553,P004,2023-02-25,321623.59,Active
C000553,P005,2021-04-18,419556.29,Active
C000553,P006,2023-09-08,144390.02,Active
C000553,P007,2025-01-15,519180.53,Active
C000554,P001,2025-07-21,10896.81,Active
C000555,P001,2021-08-27,104063.09,Active
C000555,P006,2009-10-04,41890.98,Active
C000556,P001,2025-11-23,17540.57,Active
C000556,P003,2026-01-12,24917.01,Active
C000557,P001,2025-10-30,39227.71,Active
C000557,P003,2022-07-25,25893.73,Active
C000558,P001,2022-05-23,405808.02,Active
C000558,P002,2022-12-14,611565.14,Active
C000558,P004,2022-08-30,97348.33,Active
C000558,P006,2024-11-24,516364.18,Active
C000558,P007,2022-11-06,746931.26,Active
C000558,P008,2025-11-06,748136.84,Active
C000559,P001,2018-03-23,88068.16,Active
C000559,P003,2025-01-16,85325.84,Active
C000559,P006,2018-11-27,5977.81,Active
C000560,P001,2022-02-17,53833.8,Active
C000560,P003,2024-06-16,44651.21,Active
C000560,P004,2024-12-14,67860.87,Active
C000561,P001,2026-06-13,13819.62,Active
C000562,P001,2024-10-13,5570.94,Active
C000562,P003,2025-06-07,46770.9,Active
C000562,P005,2024-10-14,37262.46,Active
C000563,P001,2023-12-26,189570.86,Active
C000563,P003,2025-06-30,222416.71,Active
C000563,P005,2025-06-26,147425.45,Active
C000563,P006,2025-02-03,112084.84,Active
C000563,P007,2025-08-31,44259.42,Active
C000564,P001,2025-04-17,41906.95,Active
C000565,P001,2025-06-21,430485.2,Active
C000565,P002,2022-08-05,201786.44,Active
C000565,P003,2025-10-28,70972.97,Active
C000565,P005,2022-12-27,403858.5,Active
C000566,P003,2021-06-27,6902.37,Active
C000566,P004,2020-06-30,82291.67,Active
C000567,P001,2019-01-27,133623.74,Active
C000567,P003,2025-11-25,266689.8,Active
C000567,P004,2017-09-27,179038.0,Active
C000567,P006,2015-10-08,142850.96,Active
C000568,P001,2023-11-03,238035.5,Active
C000568,P002,2023-05-09,200643.2,Active
C000568,P003,2022-09-21,156994.12,Active
C000569,P001,2015-06-21,5380.45,Active
C000569,P003,2022-05-10,87413.3,Active
C000569,P004,2013-10-07,76753.55,Active
C000569,P006,2026-05-26,31488.59,Active
C000569,P007,2021-12-03,60459.42,Active
C000570,P001,2024-07-28,254900.33,Active
C000570,P003,2024-04-01,205902.96,Active
C000570,P006,2023-12-04,101661.87,Active
C000570,P007,2023-02-17,72961.44,Active
C000570,P008,2024-03-19,330631.88,Active
C000571,P001,2025-05-22,10909.39,Active
C000571,P004,2026-06-08,31816.92,Active
C000571,P006,2026-06-28,27922.32,Active
C000572,P001,2024-06-01,212141.74,Active
C000572,P003,2022-02-17,151043.45,Active
C000572,P004,2022-01-04,36177.57,Active
C000572,P006,2023-02-17,285718.49,Active
C000572,P007,2022-03-02,152567.16,Active
C000573,P001,2016-06-08,29050.43,Active
C000573,P002,2013-09-18,8304.61,Active
C000573,P003,2017-02-21,55299.25,Active
C000573,P006,2014-08-29,145005.8,Active
C000573,P007,2017-03-16,57705.9,Active
C000574,P001,2024-11-03,336794.6,Active
C000574,P003,2023-03-29,62720.84,Active
C000574,P006,2022-03-22,480178.35,Active
C000574,P007,2026-07-22,459755.18,Active
C000574,P008,2021-09-27,142914.52,Active
C000575,P001,2024-06-08,90649.43,Active
C000575,P003,2025-11-09,22843.25,Active
C000575,P006,2024-01-27,90678.68,Active
C000576,P001,2020-02-23,171992.8,Active
C000576,P004,2020-12-09,48128.35,Active
C000576,P005,2020-07-05,38283.29,Active
C000576,P006,2025-07-24,45309.22,Active
C000577,P001,2024-04-12,47921.21,Active
C000577,P005,2024-02-05,96599.47,Active
C000578,P001,2020-03-22,121813.69,Active
C000579,P001,2024-04-09,75612.18,Active
C000579,P003,2024-02-18,82905.86,Active
C000579,P006,2020-12-26,76929.83,Active
C000579,P007,2021-09-21,51193.3,Active
C000580,P001,2013-01-29,42923.45,Active
C000581,P001,2025-10-24,135582.04,Active
C000581,P003,2026-05-22,116218.64,Active
C000581,P004,2023-01-20,164473.61,Active
C000581,P007,2021-04-05,106163.44,Active
C000582,P001,2019-12-22,14454.15,Active
C000583,P001,2016-04-07,32304.58,Active
C000583,P002,2013-02-17,48044.49,Active
C000583,P003,2026-01-12,77473.64,Active
C000583,P006,2010-11-26,17341.44,Active
C000584,P001,2022-11-04,25556.02,Active
C000585,P001,2013-10-26,79505.62,Active
C000585,P003,2018-05-01,13272.19,Active
C000586,P001,2017-06-30,16668.51,Active
C000587,P001,2023-06-01,138872.63,Active
C000587,P004,2023-11-15,89607.75,Active
C000588,P003,2024-06-29,25571.68,Active
C000588,P006,2024-01-18,68492.37,Active
C000589,P001,2025-10-14,30742.99,Active
C000589,P007,2021-04-22,26905.44,Active
C000590,P001,2025-02-24,21043.29,Active
C000591,P001,2025-09-25,19075.54,Active
C000591,P007,2023-06-07,33805.49,Active
C000592,P001,2022-03-16,11060.64,Active
C000592,P003,2026-04-28,7177.36,Active
C000593,P001,2025-03-26,22814.64,Active
C000594,P001,2025-07-24,113842.22,Active
C000594,P002,2025-11-28,83850.05,Active
C000594,P003,2021-02-07,116047.1,Active
C000594,P006,2021-08-16,139297.34,Active
C000594,P007,2022-09-05,25896.2,Active
C000595,P001,2021-01-03,72924.18,Active
C000595,P003,2022-05-11,143531.11,Active
C000595,P004,2023-01-13,173031.63,Active
C000595,P006,2026-06-19,76721.42,Active
C000595,P007,2025-05-25,101173.7,Active
C000596,P001,2026-02-28,5753.89,Active
C000596,P002,2026-04-05,50722.81,Active
C000596,P003,2026-03-11,47073.08,Active
C000596,P005,2026-02-26,52255.13,Active
C000597,P001,2026-02-07,32019.08,Active
C000597,P003,2024-01-14,54237.84,Active
C000598,P001,2025-02-14,30521.13,Active
C000599,P001,2018-03-16,54945.29,Active
C000600,P001,2022-02-25,131080.08,Active
C000600,P003,2020-10-28,104961.16,Active
C000600,P004,2022-03-13,68753.84,Active
C000600,P005,2026-04-10,96079.14,Active
C000600,P006,2022-12-28,137453.05,Active
