recommendation_id,customer_id,product_id,recommendation_date,suitability_score,accepted,converted
R000001_01,C000001,P003,2026-06-13,0.438,0,0
R000001_02,C000001,P005,2026-03-29,0.452,0,0
R000001_03,C000001,P007,2026-02-11,0.632,1,0
R000001_04,C000001,P001,2026-07-25,0.557,1,1
R000001_05,C000001,P004,2026-06-14,0.51,0,0
R000002_01,C000002,P008,2026-08-07,0.356,0,0
R000002_02,C000002,P006,2026-06-27,0.432,0,0
R000002_03,C000002,P002,2026-05-16,0.411,1,0
R000002_04,C000002,P006,2026-07-29,0.125,0,0
R000003_01,C000003,P001,2026-06-13,0.339,1,0
R000003_02,C000003,P002,2026-08-01,0.249,1,0
R000004_01,C000004,P006,2026-02-14,0.691,0,0
R000004_02,C000004,P003,2026-06-22,0.763,0,0
R000005_01,C000005,P003,2026-05-23,0.67,1,1
R000005_02,C000005,P001,2026-07-19,0.482,1,0
R000005_03,C000005,P003,2026-03-11,0.455,0,0
R000005_04,C000005,P008,2026-07-26,0.642,0,0
R000005_05,C000005,P004,2026-08-05,0.581,0,0
R000006_01,C000006,P003,2026-06-24,0.125,0,0
R000006_02,C000006,P001,2026-03-31,0.399,0,0
R000006_03,C000006,P002,2026-06-10,0.383,1,0
R000006_04,C000006,P008,2026-02-19,0.314,0,0
R000006_05,C000006,P008,2026-06-09,0.482,0,0
R000007_01,C000007,P007,2026-05-08,0.183,1,1
R000007_02,C000007,P004,2026-06-29,0.175,0,0
R000008_01,C000008,P006,2026-03-13,0.102,0,0
R000008_02,C000008,P006,2026-04-20,0.276,1,1
R000008_03,C000008,P008,2026-06-24,0.0,0,0
R000009_01,C000009,P004,2026-05-06,0.137,0,0
R000009_02,C000009,P002,2026-05-03,0.512,0,0
R000009_03,C000009,P002,2026-03-18,0.657,0,0
R000009_04,C000009,P008,2026-04-17,0.223,0,0
R000010_01,C000010,P001,2026-04-20,0.26,0,0
R000010_02,C000010,P008,2026-06-16,0.185,0,0
R000010_03,C000010,P004,2026-05-04,0.124,0,0
R000010_04,C000010,P002,2026-04-15,0.348,0,0
R000010_05,C000010,P005,2026-02-19,0.264,0,0
R000011_01,C000011,P008,2026-04-18,0.309,0,0
R000011_02,C000011,P008,2026-02-11,0.481,1,0
R000012_01,C000012,P006,2026-03-17,0.297,0,0
R000012_02,C000012,P004,2026-05-25,0.456,0,0
R000012_03,C000012,P002,2026-05-18,0.586,0,0
R000012_04,C000012,P003,2026-07-17,0.431,0,0
R000012_05,C000012,P003,2026-03-10,0.406,1,1
R000013_01,C000013,P005,2026-03-10,0.362,0,0
R000013_02,C000013,P004,2026-02-23,0.658,1,1
R000014_01,C000014,P004,2026-05-30,0.57,1,0
R000014_02,C000014,P002,2026-05-29,0.573,1,1
R000014_03,C000014,P006,2026-04-13,0.463,1,0
R000014_04,C000014,P005,2026-02-28,0.795,0,0
R000015_01,C000015,P008,2026-02-21,0.584,0,0
R000015_02,C000015,P003,2026-06-04,0.587,0,0
R000016_01,C000016,P002,2026-07-12,0.443,1,1
R000016_02,C000016,P001,2026-04-06,0.55,1,0
R000016_03,C000016,P002,2026-07-14,0.418,1,0
R000017_01,C000017,P005,2026-04-07,0.152,0,0
R000017_02,C000017,P007,2026-07-22,0.299,1,0
R000018_01,C000018,P002,2026-07-26,0.496,0,0
R000018_02,C000018,P002,2026-02-17,0.488,0,0
R000018_03,C000018,P001,2026-02-23,0.637,0,0
R000018_04,C000018,P003,2026-05-17,0.416,0,0
R000018_05,C000018,P002,2026-08-18,0.543,1,0
R000019_01,C000019,P002,2026-04-27,0.518,0,0
R000019_02,C000019,P001,2026-04-22,0.445,0,0
R000019_03,C000019,P003,2026-04-15,0.3,0,0
R000020_01,C000020,P002,2026-06-05,0.398,0,0
R000020_02,C000020,P006,2026-07-21,0.279,0,0
R000020_03,C000020,P006,2026-03-09,0.3,1,1
R000020_04,C000020,P001,2026-04-13,0.381,0,0
R000020_05,C000020,P005,2026-03-08,0.435,1,1
R000021_01,C000021,P004,2026-07-28,0.32,0,0
R000021_02,C000021,P004,2026-05-28,0.326,1,0
R000022_01,C000022,P005,2026-05-12,0.262,0,0
R000022_02,C000022,P006,2026-03-29,0.166,0,0
R000022_03,C000022,P003,2026-06-02,0.449,0,0
R000023_01,C000023,P003,2026-03-24,0.54,1,0
R000023_02,C000023,P003,2026-02-21,0.66,1,0
R000023_03,C000023,P007,2026-03-17,0.531,0,0
R000023_04,C000023,P004,2026-06-18,0.513,0,0
R000023_05,C000023,P007,2026-08-12,0.729,1,1
R000024_01,C000024,P002,2026-07-22,0.707,1,0
R000024_02,C000024,P001,2026-05-24,0.678,1,0
R000024_03,C000024,P005,2026-06-29,0.762,0,0
R000024_04,C000024,P007,2026-05-14,0.434,1,0
R000024_05,C000024,P008,2026-05-16,0.424,0,0
R000025_01,C000025,P001,2026-02-19,0.397,0,0
R000025_02,C000025,P005,2026-03-11,0.434,0,0
R000025_03,C000025,P004,2026-06-01,0.459,0,0
R000025_04,C000025,P003,2026-03-11,0.365,1,0
R000026_01,C000026,P005,2026-06-27,0.471,1,0
R000026_02,C000026,P005,2026-07-20,0.695,0,0
R000027_01,C000027,P003,2026-03-17,0.369,1,1
R000027_02,C000027,P004,2026-04-08,0.373,0,0
R000027_03,C000027,P004,2026-04-18,0.507,0,0
R000028_01,C000028,P006,2026-03-10,0.751,0,0
R000028_02,C000028,P003,2026-08-12,0.526,0,0
R000028_03,C000028,P008,2026-04-30,0.795,1,0
R000028_04,C000028,P007,2026-05-22,0.755,1,1
R000029_01,C000029,P002,2026-08-06,0.346,1,0
R000029_02,C000029,P008,2026-08-16,0.528,0,0
R000029_03,C000029,P002,2026-06-24,0.574,0,0
R000029_04,C000029,P004,2026-07-29,0.577,1,0
R000030_01,C000030,P001,2026-06-22,0.407,1,0
R000030_02,C000030,P004,2026-05-23,0.45,0,0
R000030_03,C000030,P008,2026-08-03,0.207,0,0
R000030_04,C000030,P004,2026-08-03,0.169,0,0
R000031_01,C000031,P002,2026-05-10,0.324,0,0
R000031_02,C000031,P004,2026-07-07,0.215,0,0
R000031_03,C000031,P004,2026-06-16,0.267,0,0
R000032_01,C000032,P007,2026-03-29,0.556,0,0
R000032_02,C000032,P005,2026-06-22,0.461,0,0
R000032_03,C000032,P002,2026-06-22,0.363,0,0
R000033_01,C000033,P001,2026-02-24,0.373,0,0
R000033_02,C000033,P005,2026-04-06,0.319,0,0
R000033_03,C000033,P004,2026-05-10,0.384,0,0
R000033_04,C000033,P007,2026-07-13,0.501,0,0
R000034_01,C000034,P007,2026-07-05,0.606,0,0
R000034_02,C000034,P001,2026-04-10,0.425,0,0
R000035_01,C000035,P007,2026-03-08,0.7,0,0
R000035_02,C000035,P005,2026-05-10,0.313,0,0
R000035_03,C000035,P004,2026-06-29,0.294,0,0
R000036_01,C000036,P007,2026-06-16,0.426,0,0
R000036_02,C000036,P004,2026-03-12,0.668,1,0
R000036_03,C000036,P003,2026-04-24,0.457,1,0
R000036_04,C000036,P006,2026-05-19,0.42,0,0
R000037_01,C000037,P001,2026-06-04,0.368,1,0
R000037_02,C000037,P007,2026-05-15,0.588,0,0
R000037_03,C000037,P004,2026-07-28,0.454,0,0
R000037_04,C000037,P004,2026-03-13,0.537,0,0
R000037_05,C000037,P007,2026-06-10,0.398,0,0
R000038_01,C000038,P002,2026-05-30,0.512,0,0
R000038_02,C000038,P008,2026-05-03,0.579,0,0
R000038_03,C000038,P002,2026-05-28,0.449,0,0
R000038_04,C000038,P003,2026-08-02,0.737,1,0
R000038_05,C000038,P004,2026-04-07,0.461,0,0
R000039_01,C000039,P008,2026-04-27,0.387,1,0
R000039_02,C000039,P004,2026-06-17,0.443,1,0
R000039_03,C000039,P008,2026-07-12,0.599,1,1
R000040_01,C000040,P006,2026-07-30,0.397,1,0
R000040_02,C000040,P006,2026-04-02,0.217,0,0
R000040_03,C000040,P004,2026-03-07,0.38,0,0
R000040_04,C000040,P003,2026-06-29,0.219,1,0
R000041_01,C000041,P008,2026-06-08,0.237,0,0
R000041_02,C000041,P006,2026-07-02,0.343,0,0
R000041_03,C000041,P004,2026-08-18,0.451,1,1
R000041_04,C000041,P003,2026-06-16,0.387,0,0
R000041_05,C000041,P007,2026-06-10,0.432,0,0
R000042_01,C000042,P004,2026-02-28,0.618,0,0
R000042_02,C000042,P003,2026-07-30,0.747,1,0
R000042_03,C000042,P004,2026-06-20,0.424,1,0
R000042_04,C000042,P001,2026-02-15,0.784,0,0
R000043_01,C000043,P007,2026-02-11,0.281,1,0
R000043_02,C000043,P008,2026-04-23,0.552,0,0
R000043_03,C000043,P006,2026-04-17,0.439,0,0
R000043_04,C000043,P008,2026-04-06,0.498,0,0
R000043_05,C000043,P008,2026-02-19,0.532,1,0
R000044_01,C000044,P003,2026-06-15,0.414,0,0
R000044_02,C000044,P004,2026-06-30,0.307,1,0
R000045_01,C000045,P006,2026-02-14,0.521,1,0
R000045_02,C000045,P006,2026-04-13,0.42,0,0
R000045_03,C000045,P001,2026-03-22,0.605,1,1
R000045_04,C000045,P008,2026-05-18,0.6,0,0
R000046_01,C000046,P006,2026-03-10,0.626,1,0
R000046_02,C000046,P003,2026-03-24,0.474,1,0
R000047_01,C000047,P005,2026-07-12,0.669,0,0
R000047_02,C000047,P001,2026-03-05,0.549,1,0
R000047_03,C000047,P001,2026-07-09,0.447,1,0
R000048_01,C000048,P002,2026-03-20,0.478,0,0
R000048_02,C000048,P007,2026-08-15,0.337,0,0
R000048_03,C000048,P003,2026-05-14,0.51,1,0
R000049_01,C000049,P003,2026-08-08,0.33,1,0
R000049_02,C000049,P004,2026-03-14,0.408,1,0
R000049_03,C000049,P007,2026-06-04,0.62,1,0
R000050_01,C000050,P001,2026-03-07,0.24,0,0
R000050_02,C000050,P007,2026-07-22,0.445,0,0
R000050_03,C000050,P002,2026-03-16,0.361,0,0
R000050_04,C000050,P003,2026-06-05,0.419,1,0
R000050_05,C000050,P001,2026-05-15,0.557,1,0
R000051_01,C000051,P008,2026-04-03,0.118,1,0
R000051_02,C000051,P001,2026-08-07,0.294,0,0
R000052_01,C000052,P003,2026-07-18,0.628,1,0
R000052_02,C000052,P005,2026-02-16,0.435,0,0
R000052_03,C000052,P006,2026-06-29,0.471,0,0
R000052_04,C000052,P002,2026-06-05,0.497,0,0
R000052_05,C000052,P008,2026-03-25,0.205,1,1
R000053_01,C000053,P007,2026-05-10,0.516,0,0
R000053_02,C000053,P007,2026-02-19,0.318,0,0
R000053_03,C000053,P002,2026-04-06,0.594,1,1
R000053_04,C000053,P001,2026-04-26,0.56,0,0
R000053_05,C000053,P005,2026-02-18,0.416,0,0
R000054_01,C000054,P002,2026-06-11,0.357,0,0
R000054_02,C000054,P007,2026-06-18,0.416,0,0
R000054_03,C000054,P008,2026-04-06,0.569,0,0
R000055_01,C000055,P002,2026-04-25,0.348,0,0
R000055_02,C000055,P007,2026-03-21,0.472,1,0
R000055_03,C000055,P006,2026-04-17,0.613,1,1
R000055_04,C000055,P006,2026-04-08,0.388,1,1
R000056_01,C000056,P001,2026-03-27,0.459,1,1
R000056_02,C000056,P001,2026-02-21,0.441,0,0
R000056_03,C000056,P002,2026-06-16,0.542,0,0
R000056_04,C000056,P002,2026-04-29,0.484,1,0
R000057_01,C000057,P007,2026-03-16,0.706,0,0
R000057_02,C000057,P002,2026-04-16,0.603,0,0
R000057_03,C000057,P006,2026-04-03,0.502,1,0
R000057_04,C000057,P008,2026-05-15,0.461,0,0
R000057_05,C000057,P002,2026-07-26,0.484,0,0
R000058_01,C000058,P007,2026-04-29,0.329,0,0
R000058_02,C000058,P007,2026-05-12,0.427,0,0
R000058_03,C000058,P007,2026-03-03,0.329,0,0
R000059_01,C000059,P001,2026-05-16,0.388,0,0
R000059_02,C000059,P003,2026-04-08,0.399,0,0
R000060_01,C000060,P003,2026-07-05,0.286,0,0
R000060_02,C000060,P006,2026-06-11,0.456,1,0
R000060_03,C000060,P001,2026-06-02,0.448,0,0
R000061_01,C000061,P008,2026-06-28,0.407,1,1
R000061_02,C000061,P005,2026-08-03,0.394,0,0
R000061_03,C000061,P001,2026-06-25,0.438,0,0
R000061_04,C000061,P003,2026-03-12,0.19,0,0
R000061_05,C000061,P007,2026-04-26,0.054,0,0
R000062_01,C000062,P004,2026-04-15,0.584,0,0
R000062_02,C000062,P001,2026-08-03,0.748,1,0
R000062_03,C000062,P005,2026-07-20,0.671,0,0
R000063_01,C000063,P001,2026-03-21,0.431,0,0
R000063_02,C000063,P007,2026-05-04,0.398,0,0
R000063_03,C000063,P008,2026-04-17,0.349,0,0
R000064_01,C000064,P007,2026-04-30,0.506,0,0
R000064_02,C000064,P004,2026-02-11,0.515,0,0
R000064_03,C000064,P006,2026-06-16,0.512,1,0
R000065_01,C000065,P004,2026-06-01,0.434,0,0
R000065_02,C000065,P008,2026-07-19,0.272,0,0
R000065_03,C000065,P006,2026-05-08,0.356,1,0
R000065_04,C000065,P004,2026-04-09,0.504,0,0
R000065_05,C000065,P004,2026-05-22,0.465,0,0
R000066_01,C000066,P008,2026-07-01,0.262,0,0
R000066_02,C000066,P004,2026-06-07,0.313,1,1
R000066_03,C000066,P005,2026-02-16,0.492,0,0
R000067_01,C000067,P006,2026-07-28,0.189,0,0
R000067_02,C000067,P001,2026-04-29,0.316,0,0
R000067_03,C000067,P008,2026-08-03,0.227,0,0
R000067_04,C000067,P002,2026-04-12,0.24,0,0
R000067_05,C000067,P004,2026-04-04,0.316,0,0
R000068_01,C000068,P005,2026-04-01,0.394,0,0
R000068_02,C000068,P007,2026-02-19,0.129,0,0
R000068_03,C000068,P005,2026-04-22,0.397,0,0
R000068_04,C000068,P001,2026-05-30,0.369,0,0
R000069_01,C000069,P001,2026-08-10,0.733,0,0
R000069_02,C000069,P003,2026-06-01,0.587,0,0
R000069_03,C000069,P004,2026-02-19,0.441,0,0
R000070_01,C000070,P003,2026-03-23,0.42,1,1
R000070_02,C000070,P005,2026-02-28,0.504,0,0
R000070_03,C000070,P002,2026-03-06,0.621,0,0
R000070_04,C000070,P001,2026-07-23,0.507,1,1
R000071_01,C000071,P004,2026-07-11,0.01,0,0
R000071_02,C000071,P007,2026-03-07,0.169,0,0
R000071_03,C000071,P006,2026-07-27,0.19,0,0
R000072_01,C000072,P007,2026-03-12,0.632,1,1
R000072_02,C000072,P007,2026-04-30,0.603,0,0
R000073_01,C000073,P004,2026-05-28,0.349,1,0
R000073_02,C000073,P007,2026-06-16,0.482,0,0
R000073_03,C000073,P002,2026-08-10,0.068,0,0
R000073_04,C000073,P004,2026-03-09,0.504,1,1
R000073_05,C000073,P007,2026-03-01,0.141,0,0
R000074_01,C000074,P003,2026-08-15,0.708,1,0
R000074_02,C000074,P008,2026-07-07,0.636,0,0
R000075_01,C000075,P007,2026-03-01,0.466,0,0
R000075_02,C000075,P001,2026-08-14,0.618,1,1
R000075_03,C000075,P002,2026-06-15,0.404,0,0
R000075_04,C000075,P003,2026-03-03,0.557,1,0
R000076_01,C000076,P008,2026-06-06,0.758,1,1
R000076_02,C000076,P001,2026-04-19,0.668,1,1
R000076_03,C000076,P001,2026-07-18,0.315,0,0
R000076_04,C000076,P004,2026-06-09,0.579,0,0
R000076_05,C000076,P003,2026-05-26,0.651,0,0
R000077_01,C000077,P007,2026-04-28,0.472,1,1
R000077_02,C000077,P002,2026-06-20,0.373,0,0
R000077_03,C000077,P003,2026-03-14,0.343,1,0
R000077_04,C000077,P004,2026-05-20,0.208,0,0
R000077_05,C000077,P004,2026-06-09,0.612,1,0
R000078_01,C000078,P007,2026-06-07,0.334,1,1
R000078_02,C000078,P001,2026-04-26,0.379,0,0
R000078_03,C000078,P007,2026-02-11,0.436,0,0
R000079_01,C000079,P005,2026-02-26,0.521,0,0
R000079_02,C000079,P008,2026-04-27,0.563,1,0
R000080_01,C000080,P002,2026-06-15,0.604,0,0
R000080_02,C000080,P002,2026-05-08,0.369,0,0
R000080_03,C000080,P003,2026-05-22,0.266,0,0
R000081_01,C000081,P008,2026-06-01,0.475,0,0
R000081_02,C000081,P004,2026-06-13,0.448,0,0
R000081_03,C000081,P005,2026-08-01,0.439,0,0
R000081_04,C000081,P004,2026-02-21,0.447,0,0
R000081_05,C000081,P001,2026-05-14,0.385,1,0
R000082_01,C000082,P004,2026-02-23,0.179,0,0
R000082_02,C000082,P003,2026-02-18,0.315,0,0
R000083_01,C000083,P002,2026-04-18,0.444,0,0
R000083_02,C000083,P008,2026-03-26,0.432,1,0
R000083_03,C000083,P005,2026-04-27,0.683,1,1
R000083_04,C000083,P007,2026-08-02,0.739,0,0
R000083_05,C000083,P003,2026-06-29,0.665,1,0
R000084_01,C000084,P008,2026-07-24,0.524,0,0
R000084_02,C000084,P002,2026-06-21,0.611,0,0
R000085_01,C000085,P006,2026-07-20,0.55,0,0
R000085_02,C000085,P001,2026-05-11,0.581,0,0
R000085_03,C000085,P005,2026-05-12,0.464,1,1
R000085_04,C000085,P001,2026-05-26,0.574,1,1
R000085_05,C000085,P004,2026-07-09,0.35,0,0
R000086_01,C000086,P003,2026-02-28,0.282,0,0
R000086_02,C000086,P002,2026-07-17,0.292,1,0
R000087_01,C000087,P005,2026-05-23,0.314,0,0
R000087_02,C000087,P003,2026-04-02,0.393,1,0
R000087_03,C000087,P007,2026-06-01,0.32,0,0
R000088_01,C000088,P002,2026-07-01,0.237,0,0
R000088_02,C000088,P003,2026-04-14,0.412,0,0
R000088_03,C000088,P008,2026-08-10,0.238,0,0
R000089_01,C000089,P001,2026-06-12,0.426,1,1
R000089_02,C000089,P007,2026-03-08,0.42,0,0
R000089_03,C000089,P002,2026-07-25,0.545,0,0
R000090_01,C000090,P003,2026-08-13,0.61,0,0
R000090_02,C000090,P002,2026-04-03,0.761,0,0
R000090_03,C000090,P008,2026-03-12,0.792,0,0
R000090_04,C000090,P002,2026-08-13,0.643,1,0
R000091_01,C000091,P008,2026-02-27,0.629,0,0
R000091_02,C000091,P008,2026-03-04,0.413,0,0
R000091_03,C000091,P005,2026-02-17,0.527,0,0
R000091_04,C000091,P007,2026-03-16,0.582,1,0
R000092_01,C000092,P008,2026-03-11,0.215,0,0
R000092_02,C000092,P005,2026-04-11,0.228,0,0
R000092_03,C000092,P002,2026-07-13,0.64,0,0
R000092_04,C000092,P004,2026-06-06,0.527,1,1
R000093_01,C000093,P006,2026-03-29,0.662,0,0
R000093_02,C000093,P002,2026-08-02,0.701,1,1
R000093_03,C000093,P003,2026-03-26,0.803,1,1
R000093_04,C000093,P006,2026-06-10,0.726,0,0
R000094_01,C000094,P001,2026-03-16,0.382,1,0
R000094_02,C000094,P005,2026-05-02,0.291,0,0
R000095_01,C000095,P008,2026-03-30,0.38,0,0
R000095_02,C000095,P007,2026-03-05,0.49,0,0
R000095_03,C000095,P007,2026-02-19,0.365,1,1
R000095_04,C000095,P008,2026-05-28,0.497,0,0
R000096_01,C000096,P005,2026-07-27,0.114,0,0
R000096_02,C000096,P006,2026-07-02,0.512,0,0
R000097_01,C000097,P005,2026-07-27,0.397,0,0
R000097_02,C000097,P001,2026-06-11,0.559,0,0
R000098_01,C000098,P008,2026-08-10,0.754,1,0
R000098_02,C000098,P003,2026-08-13,0.553,0,0
R000098_03,C000098,P001,2026-04-26,0.664,1,1
R000098_04,C000098,P005,2026-07-21,0.659,0,0
R000098_05,C000098,P001,2026-07-26,0.594,0,0
R000099_01,C000099,P007,2026-07-11,0.475,1,0
R000099_02,C000099,P008,2026-04-17,0.357,0,0
R000099_03,C000099,P007,2026-03-23,0.324,0,0
R000099_04,C000099,P006,2026-03-24,0.339,0,0
R000099_05,C000099,P003,2026-03-22,0.516,0,0
R000100_01,C000100,P001,2026-03-11,0.696,0,0
R000100_02,C000100,P005,2026-05-12,0.401,1,0
R000100_03,C000100,P004,2026-06-12,0.362,0,0
R000100_04,C000100,P001,2026-05-01,0.491,1,0
R000100_05,C000100,P002,2026-05-17,0.082,0,0
R000101_01,C000101,P008,2026-07-19,0.491,0,0
R000101_02,C000101,P003,2026-07-01,0.59,0,0
R000101_03,C000101,P006,2026-02-26,0.47,1,0
R000102_01,C000102,P008,2026-08-11,0.473,0,0
R000102_02,C000102,P008,2026-06-23,0.563,0,0
R000102_03,C000102,P001,2026-02-12,0.586,1,1
R000102_04,C000102,P004,2026-03-09,0.871,0,0
R000103_01,C000103,P008,2026-02-19,0.151,1,0
R000103_02,C000103,P008,2026-08-07,0.179,1,0
R000104_01,C000104,P004,2026-06-03,0.27,0,0
R000104_02,C000104,P005,2026-06-27,0.581,0,0
R000104_03,C000104,P002,2026-08-09,0.599,0,0
R000104_04,C000104,P008,2026-04-30,0.364,0,0
R000104_05,C000104,P006,2026-03-25,0.477,1,1
R000105_01,C000105,P006,2026-07-27,0.488,0,0
R000105_02,C000105,P007,2026-07-06,0.21,0,0
R000105_03,C000105,P007,2026-06-10,0.176,0,0
R000105_04,C000105,P005,2026-02-16,0.345,0,0
R000106_01,C000106,P003,2026-05-24,0.547,1,1
R000106_02,C000106,P005,2026-03-23,0.45,0,0
R000106_03,C000106,P008,2026-06-04,0.496,0,0
R000107_01,C000107,P006,2026-05-09,0.231,0,0
R000107_02,C000107,P007,2026-03-28,0.557,1,0
R000108_01,C000108,P001,2026-04-18,0.412,1,0
R000108_02,C000108,P005,2026-07-28,0.465,0,0
R000108_03,C000108,P002,2026-05-06,0.585,1,0
R000108_04,C000108,P007,2026-06-28,0.46,0,0
R000108_05,C000108,P003,2026-05-11,0.449,1,0
R000109_01,C000109,P002,2026-06-08,0.65,0,0
R000109_02,C000109,P004,2026-04-28,0.384,1,0
R000109_03,C000109,P007,2026-03-27,0.639,1,0
R000109_04,C000109,P007,2026-07-18,0.257,1,1
R000110_01,C000110,P005,2026-04-10,0.345,0,0
R000110_02,C000110,P005,2026-03-20,0.245,1,0
R000111_01,C000111,P002,2026-05-26,0.774,1,1
R000111_02,C000111,P008,2026-07-07,0.877,0,0
R000111_03,C000111,P006,2026-06-04,0.938,1,0
R000112_01,C000112,P007,2026-03-05,0.252,1,0
R000112_02,C000112,P004,2026-03-22,0.5,1,0
R000112_03,C000112,P007,2026-07-07,0.31,0,0
R000112_04,C000112,P005,2026-05-10,0.387,0,0
R000113_01,C000113,P004,2026-02-20,0.474,0,0
R000113_02,C000113,P004,2026-03-12,0.614,0,0
R000113_03,C000113,P004,2026-02-19,0.488,0,0
R000113_04,C000113,P007,2026-06-22,0.322,1,0
R000113_05,C000113,P003,2026-06-18,0.531,1,0
R000114_01,C000114,P004,2026-03-13,0.411,0,0
R000114_02,C000114,P007,2026-02-25,0.26,0,0
R000114_03,C000114,P003,2026-03-01,0.363,1,0
R000114_04,C000114,P003,2026-04-21,0.309,0,0
R000115_01,C000115,P004,2026-04-29,0.37,0,0
R000115_02,C000115,P005,2026-06-24,0.497,0,0
R000115_03,C000115,P002,2026-07-08,0.353,1,1
R000115_04,C000115,P004,2026-05-24,0.237,1,0
R000115_05,C000115,P005,2026-04-03,0.292,0,0
R000116_01,C000116,P004,2026-05-18,0.318,0,0
R000116_02,C000116,P006,2026-06-09,0.604,0,0
R000116_03,C000116,P004,2026-06-02,0.298,0,0
R000117_01,C000117,P006,2026-04-23,0.162,0,0
R000117_02,C000117,P006,2026-05-10,0.258,1,0
R000117_03,C000117,P004,2026-07-19,0.338,0,0
R000118_01,C000118,P007,2026-03-12,0.289,0,0
R000118_02,C000118,P008,2026-05-23,0.485,1,0
R000118_03,C000118,P004,2026-06-08,0.679,1,1
R000118_04,C000118,P005,2026-04-05,0.458,0,0
R000118_05,C000118,P003,2026-04-28,0.58,1,0
R000119_01,C000119,P005,2026-03-08,0.423,1,0
R000119_02,C000119,P004,2026-04-06,0.526,1,0
R000119_03,C000119,P003,2026-03-25,0.56,0,0
R000119_04,C000119,P005,2026-08-06,0.544,0,0
R000120_01,C000120,P001,2026-04-30,0.61,0,0
R000120_02,C000120,P003,2026-06-12,0.599,0,0
R000120_03,C000120,P007,2026-06-16,0.499,1,0
R000120_04,C000120,P008,2026-02-20,0.719,0,0
R000120_05,C000120,P003,2026-03-18,0.698,0,0
R000121_01,C000121,P006,2026-07-19,0.466,0,0
R000121_02,C000121,P003,2026-04-03,0.594,0,0
R000121_03,C000121,P001,2026-03-24,0.615,1,1
R000122_01,C000122,P005,2026-07-09,0.327,0,0
R000122_02,C000122,P004,2026-06-03,0.388,1,0
R000123_01,C000123,P003,2026-05-27,0.255,0,0
R000123_02,C000123,P007,2026-07-07,0.341,1,0
R000124_01,C000124,P005,2026-03-30,0.774,0,0
R000124_02,C000124,P004,2026-02-24,0.564,0,0
R000125_01,C000125,P001,2026-06-08,0.477,1,0
R000125_02,C000125,P003,2026-03-03,0.44,0,0
R000126_01,C000126,P006,2026-08-08,0.352,0,0
R000126_02,C000126,P001,2026-06-08,0.371,0,0
R000126_03,C000126,P006,2026-04-09,0.388,1,1
R000126_04,C000126,P005,2026-07-01,0.395,1,0
R000126_05,C000126,P008,2026-06-25,0.3,0,0
R000127_01,C000127,P006,2026-02-18,0.477,0,0
R000127_02,C000127,P008,2026-04-08,0.672,1,0
R000128_01,C000128,P002,2026-05-18,0.246,0,0
R000128_02,C000128,P001,2026-07-02,0.282,0,0
R000129_01,C000129,P001,2026-05-05,0.343,0,0
R000129_02,C000129,P006,2026-02-19,0.477,0,0
R000130_01,C000130,P002,2026-03-29,0.382,0,0
R000130_02,C000130,P001,2026-08-13,0.212,0,0
R000131_01,C000131,P001,2026-04-11,0.528,1,0
R000131_02,C000131,P002,2026-05-13,0.191,0,0
R000131_03,C000131,P004,2026-04-16,0.274,1,0
R000131_04,C000131,P007,2026-05-22,0.403,1,1
R000132_01,C000132,P003,2026-03-05,0.786,1,1
R000132_02,C000132,P005,2026-07-17,0.646,0,0
R000132_03,C000132,P008,2026-06-28,0.833,1,0
R000133_01,C000133,P006,2026-03-14,0.404,0,0
R000133_02,C000133,P004,2026-02-17,0.564,1,1
R000133_03,C000133,P001,2026-04-13,0.46,0,0
R000134_01,C000134,P006,2026-08-16,0.619,1,0
R000134_02,C000134,P006,2026-02-23,0.9,0,0
R000135_01,C000135,P005,2026-04-19,0.672,1,1
R000135_02,C000135,P008,2026-06-08,0.467,1,0
R000135_03,C000135,P008,2026-03-13,0.297,0,0
R000135_04,C000135,P007,2026-03-22,0.443,0,0
R000135_05,C000135,P004,2026-05-21,0.393,0,0
R000136_01,C000136,P002,2026-08-12,0.539,0,0
R000136_02,C000136,P007,2026-07-18,0.358,0,0
R000136_03,C000136,P003,2026-03-04,0.344,1,0
R000137_01,C000137,P008,2026-02-19,0.418,0,0
R000137_02,C000137,P006,2026-02-17,0.322,0,0
R000137_03,C000137,P006,2026-02-18,0.298,0,0
R000138_01,C000138,P007,2026-07-24,0.413,0,0
R000138_02,C000138,P004,2026-07-27,0.514,1,0
R000138_03,C000138,P003,2026-05-25,0.454,1,0
R000139_01,C000139,P007,2026-06-29,0.528,0,0
R000139_02,C000139,P005,2026-03-30,0.677,0,0
R000139_03,C000139,P008,2026-04-25,0.54,0,0
R000139_04,C000139,P007,2026-05-14,0.449,0,0
R000139_05,C000139,P006,2026-03-25,0.563,0,0
R000140_01,C000140,P005,2026-02-15,0.436,0,0
R000140_02,C000140,P008,2026-04-11,0.501,1,0
R000140_03,C000140,P004,2026-03-06,0.62,0,0
R000140_04,C000140,P002,2026-03-06,0.382,0,0
R000140_05,C000140,P008,2026-04-03,0.436,0,0
R000141_01,C000141,P001,2026-06-15,0.514,0,0
R000141_02,C000141,P004,2026-04-02,0.483,0,0
R000141_03,C000141,P004,2026-07-07,0.428,0,0
R000141_04,C000141,P001,2026-04-08,0.35,1,0
R000141_05,C000141,P007,2026-03-18,0.342,1,0
R000142_01,C000142,P007,2026-05-28,0.437,0,0
R000142_02,C000142,P003,2026-04-11,0.493,0,0
R000142_03,C000142,P007,2026-04-01,0.612,1,1
R000142_04,C000142,P006,2026-06-08,0.718,1,0
R000142_05,C000142,P003,2026-03-16,0.509,1,0
R000143_01,C000143,P007,2026-05-08,0.364,0,0
R000143_02,C000143,P001,2026-05-30,0.303,0,0
R000143_03,C000143,P002,2026-07-19,0.249,0,0
R000143_04,C000143,P002,2026-07-23,0.114,0,0
R000144_01,C000144,P003,2026-03-21,0.355,0,0
R000144_02,C000144,P008,2026-05-14,0.475,0,0
R000144_03,C000144,P001,2026-07-08,0.398,0,0
R000144_04,C000144,P004,2026-03-02,0.469,0,0
R000145_01,C000145,P001,2026-04-28,0.37,0,0
R000145_02,C000145,P006,2026-04-12,0.278,0,0
R000145_03,C000145,P001,2026-07-02,0.226,0,0
R000146_01,C000146,P007,2026-04-07,0.435,0,0
R000146_02,C000146,P008,2026-03-11,0.518,1,0
R000146_03,C000146,P001,2026-07-03,0.551,1,1
R000146_04,C000146,P006,2026-08-18,0.508,0,0
R000147_01,C000147,P004,2026-04-06,0.373,0,0
R000147_02,C000147,P001,2026-07-02,0.143,1,0
R000148_01,C000148,P004,2026-06-08,0.439,0,0
R000148_02,C000148,P002,2026-05-18,0.605,0,0
R000149_01,C000149,P006,2026-07-04,0.542,0,0
R000149_02,C000149,P002,2026-07-20,0.279,1,0
R000149_03,C000149,P005,2026-07-16,0.276,0,0
R000150_01,C000150,P001,2026-06-16,0.462,0,0
R000150_02,C000150,P004,2026-04-17,0.499,1,0
R000150_03,C000150,P008,2026-04-09,0.391,0,0
R000150_04,C000150,P004,2026-04-15,0.678,0,0
R000151_01,C000151,P005,2026-06-21,0.42,0,0
R000151_02,C000151,P004,2026-05-27,0.468,1,0
R000151_03,C000151,P006,2026-08-19,0.288,0,0
R000151_04,C000151,P005,2026-02-27,0.58,1,0
R000152_01,C000152,P007,2026-07-26,0.33,0,0
R000152_02,C000152,P007,2026-05-15,0.303,0,0
R000152_03,C000152,P004,2026-06-04,0.346,0,0
R000153_01,C000153,P006,2026-04-16,0.664,0,0
R000153_02,C000153,P007,2026-07-28,0.225,1,0
R000153_03,C000153,P001,2026-02-15,0.288,0,0
R000153_04,C000153,P005,2026-05-16,0.428,1,0
R000154_01,C000154,P008,2026-04-28,0.401,0,0
R000154_02,C000154,P004,2026-03-02,0.634,0,0
R000154_03,C000154,P006,2026-06-19,0.377,0,0
R000154_04,C000154,P006,2026-05-22,0.462,0,0
R000154_05,C000154,P006,2026-08-13,0.633,0,0
R000155_01,C000155,P008,2026-06-22,0.268,1,1
R000155_02,C000155,P008,2026-05-05,0.411,0,0
R000155_03,C000155,P002,2026-02-19,0.292,0,0
R000155_04,C000155,P002,2026-03-30,0.222,0,0
R000155_05,C000155,P002,2026-02-25,0.249,0,0
R000156_01,C000156,P006,2026-07-14,0.555,0,0
R000156_02,C000156,P006,2026-04-19,0.521,0,0
R000157_01,C000157,P002,2026-07-06,0.468,1,0
R000157_02,C000157,P006,2026-07-14,0.674,0,0
R000157_03,C000157,P006,2026-04-15,0.712,1,0
R000158_01,C000158,P002,2026-04-04,0.435,0,0
R000158_02,C000158,P004,2026-05-04,0.452,1,0
R000158_03,C000158,P008,2026-08-06,0.509,0,0
R000158_04,C000158,P007,2026-08-14,0.326,0,0
R000159_01,C000159,P004,2026-05-18,0.366,0,0
R000159_02,C000159,P004,2026-04-16,0.562,0,0
R000159_03,C000159,P002,2026-06-03,0.454,1,1
R000160_01,C000160,P002,2026-04-27,0.416,0,0
R000160_02,C000160,P007,2026-03-19,0.41,1,0
R000160_03,C000160,P003,2026-07-15,0.353,1,1
R000160_04,C000160,P007,2026-03-27,0.327,1,0
R000160_05,C000160,P003,2026-02-22,0.369,0,0
R000161_01,C000161,P004,2026-06-23,0.416,0,0
R000161_02,C000161,P006,2026-07-24,0.546,1,0
R000161_03,C000161,P006,2026-06-30,0.186,1,0
R000161_04,C000161,P008,2026-03-08,0.589,1,0
R000162_01,C000162,P001,2026-08-06,0.655,1,0
R000162_02,C000162,P002,2026-07-21,0.236,0,0
R000162_03,C000162,P001,2026-05-14,0.536,0,0
R000162_04,C000162,P001,2026-03-30,0.464,0,0
R000162_05,C000162,P002,2026-05-19,0.47,0,0
R000163_01,C000163,P002,2026-04-16,0.43,0,0
R000163_02,C000163,P006,2026-07-01,0.645,1,0
R000164_01,C000164,P001,2026-02-20,0.529,0,0
R000164_02,C000164,P002,2026-03-02,0.648,0,0
R000164_03,C000164,P007,2026-08-04,0.594,1,0
R000164_04,C000164,P007,2026-04-03,0.294,0,0
R000164_05,C000164,P004,2026-08-19,0.645,1,0
R000165_01,C000165,P007,2026-03-11,0.311,1,0
R000165_02,C000165,P006,2026-04-20,0.386,1,0
R000166_01,C000166,P002,2026-06-07,0.457,1,1
R000166_02,C000166,P004,2026-02-22,0.433,0,0
R000166_03,C000166,P004,2026-06-22,0.496,0,0
R000166_04,C000166,P003,2026-04-10,0.616,0,0
R000167_01,C000167,P005,2026-03-30,0.589,0,0
R000167_02,C000167,P007,2026-04-17,0.655,1,0
R000168_01,C000168,P006,2026-08-15,0.331,0,0
R000168_02,C000168,P007,2026-08-05,0.227,0,0
R000169_01,C000169,P008,2026-07-05,0.595,0,0
R000169_02,C000169,P006,2026-04-30,0.399,1,0
R000169_03,C000169,P001,2026-02-26,0.548,0,0
R000169_04,C000169,P004,2026-04-28,0.591,0,0
R000170_01,C000170,P003,2026-05-28,0.675,1,0
R000170_02,C000170,P001,2026-04-25,0.89,1,1
R000170_03,C000170,P007,2026-03-12,0.591,0,0
R000170_04,C000170,P004,2026-04-18,0.702,1,0
R000171_01,C000171,P004,2026-06-04,0.485,0,0
R000171_02,C000171,P006,2026-05-13,0.63,0,0
R000171_03,C000171,P007,2026-05-14,0.271,0,0
R000171_04,C000171,P007,2026-06-04,0.605,1,1
R000171_05,C000171,P007,2026-03-31,0.476,0,0
R000172_01,C000172,P005,2026-03-22,0.368,1,0
R000172_02,C000172,P008,2026-06-24,0.433,0,0
R000173_01,C000173,P008,2026-04-20,0.409,1,0
R000173_02,C000173,P003,2026-05-25,0.54,1,0
R000174_01,C000174,P007,2026-05-14,0.701,0,0
R000174_02,C000174,P004,2026-05-30,0.441,0,0
R000174_03,C000174,P003,2026-03-22,0.373,0,0
R000175_01,C000175,P003,2026-03-18,0.539,0,0
R000175_02,C000175,P007,2026-02-20,0.371,0,0
R000176_01,C000176,P004,2026-07-24,0.592,1,0
R000176_02,C000176,P003,2026-04-17,0.578,1,0
R000176_03,C000176,P004,2026-03-24,0.479,0,0
R000176_04,C000176,P004,2026-03-16,0.488,0,0
R000176_05,C000176,P005,2026-05-07,0.79,1,0
R000177_01,C000177,P005,2026-02-24,0.16,0,0
R000177_02,C000177,P002,2026-06-05,0.411,1,0
R000177_03,C000177,P004,2026-03-06,0.318,0,0
R000177_04,C000177,P001,2026-03-04,0.476,1,1
R000178_01,C000178,P007,2026-04-04,0.27,1,1
R000178_02,C000178,P006,2026-06-21,0.127,0,0
R000178_03,C000178,P007,2026-06-04,0.206,0,0
R000178_04,C000178,P003,2026-03-27,0.393,0,0
R000179_01,C000179,P005,2026-04-28,0.48,0,0
R000179_02,C000179,P004,2026-05-18,0.522,1,0
R000180_01,C000180,P007,2026-08-04,0.549,0,0
R000180_02,C000180,P004,2026-02-17,0.398,0,0
R000180_03,C000180,P005,2026-06-05,0.435,0,0
R000181_01,C000181,P004,2026-08-19,0.318,1,0
R000181_02,C000181,P001,2026-04-09,0.368,1,0
R000181_03,C000181,P005,2026-02-13,0.431,0,0
R000181_04,C000181,P002,2026-06-08,0.0,0,0
R000182_01,C000182,P007,2026-03-04,0.226,0,0
R000182_02,C000182,P001,2026-04-20,0.272,0,0
R000182_03,C000182,P004,2026-07-17,0.543,1,0
R000183_01,C000183,P006,2026-03-12,0.319,1,0
R000183_02,C000183,P005,2026-06-28,0.176,0,0
R000183_03,C000183,P004,2026-03-06,0.632,0,0
R000183_04,C000183,P008,2026-04-09,0.462,1,0
R000184_01,C000184,P002,2026-05-27,0.261,0,0
R000184_02,C000184,P006,2026-07-05,0.532,1,0
R000184_03,C000184,P002,2026-07-21,0.481,1,1
R000185_01,C000185,P007,2026-03-07,0.381,0,0
R000185_02,C000185,P005,2026-02-22,0.408,1,0
R000185_03,C000185,P001,2026-03-24,0.347,0,0
R000185_04,C000185,P002,2026-04-30,0.316,0,0
R000186_01,C000186,P006,2026-05-15,0.228,1,0
R000186_02,C000186,P006,2026-04-11,0.399,0,0
R000187_01,C000187,P008,2026-07-31,0.263,0,0
R000187_02,C000187,P007,2026-04-04,0.29,0,0
R000187_03,C000187,P002,2026-06-02,0.239,0,0
R000188_01,C000188,P008,2026-07-14,0.45,0,0
R000188_02,C000188,P002,2026-07-20,0.344,0,0
R000188_03,C000188,P007,2026-02-11,0.145,0,0
R000188_04,C000188,P001,2026-02-15,0.235,0,0
R000189_01,C000189,P008,2026-08-17,0.613,0,0
R000189_02,C000189,P006,2026-06-17,0.618,1,0
R000189_03,C000189,P003,2026-06-26,0.564,0,0
R000189_04,C000189,P003,2026-04-27,0.298,0,0
R000189_05,C000189,P007,2026-05-04,0.554,0,0
R000190_01,C000190,P007,2026-05-07,0.457,1,0
R000190_02,C000190,P001,2026-04-01,0.245,0,0
R000190_03,C000190,P001,2026-06-27,0.19,0,0
R000190_04,C000190,P006,2026-06-12,0.509,0,0
R000190_05,C000190,P005,2026-06-09,0.343,0,0
R000191_01,C000191,P006,2026-07-18,0.416,0,0
R000191_02,C000191,P006,2026-03-03,0.464,1,0
R000191_03,C000191,P005,2026-06-20,0.533,1,0
R000192_01,C000192,P007,2026-06-01,0.225,0,0
R000192_02,C000192,P005,2026-02-12,0.492,1,0
R000192_03,C000192,P004,2026-05-31,0.515,0,0
R000193_01,C000193,P002,2026-02-12,0.233,1,0
R000193_02,C000193,P005,2026-08-08,0.447,1,1
R000194_01,C000194,P005,2026-04-29,0.462,0,0
R000194_02,C000194,P002,2026-03-23,0.328,0,0
R000194_03,C000194,P002,2026-03-22,0.53,0,0
R000195_01,C000195,P007,2026-04-03,0.507,1,0
R000195_02,C000195,P008,2026-07-17,0.376,0,0
R000195_03,C000195,P007,2026-05-11,0.307,0,0
R000196_01,C000196,P004,2026-04-12,0.609,0,0
R000196_02,C000196,P007,2026-03-14,0.529,1,0
R000196_03,C000196,P004,2026-04-10,0.484,1,1
R000196_04,C000196,P005,2026-06-10,0.543,0,0
R000196_05,C000196,P007,2026-06-02,0.598,0,0
R000197_01,C000197,P005,2026-07-07,0.156,0,0
R000197_02,C000197,P001,2026-04-19,0.117,0,0
R000198_01,C000198,P003,2026-05-10,0.358,1,0
R000198_02,C000198,P006,2026-04-03,0.471,0,0
R000198_03,C000198,P008,2026-06-24,0.419,0,0
R000198_04,C000198,P008,2026-05-23,0.391,0,0
R000198_05,C000198,P005,2026-06-21,0.62,0,0
R000199_01,C000199,P007,2026-04-15,0.342,0,0
R000199_02,C000199,P003,2026-02-18,0.378,0,0
R000199_03,C000199,P007,2026-05-20,0.321,0,0
R000199_04,C000199,P004,2026-04-19,0.13,0,0
R000199_05,C000199,P003,2026-05-17,0.275,1,1
R000200_01,C000200,P001,2026-08-10,0.52,0,0
R000200_02,C000200,P001,2026-03-07,0.476,0,0
R000200_03,C000200,P001,2026-06-02,0.627,1,0
R000200_04,C000200,P004,2026-05-14,0.535,0,0
R000200_05,C000200,P008,2026-08-06,0.683,0,0
R000201_01,C000201,P002,2026-02-17,0.25,0,0
R000201_02,C000201,P006,2026-06-19,0.518,1,0
R000201_03,C000201,P006,2026-05-17,0.199,1,0
R000201_04,C000201,P007,2026-06-24,0.358,0,0
R000201_05,C000201,P004,2026-03-09,0.369,1,0
R000202_01,C000202,P004,2026-02-26,0.222,1,0
R000202_02,C000202,P004,2026-04-21,0.287,0,0
R000203_01,C000203,P008,2026-06-03,0.561,0,0
R000203_02,C000203,P005,2026-06-01,0.176,0,0
R000203_03,C000203,P001,2026-06-06,0.306,0,0
R000203_04,C000203,P008,2026-02-22,0.112,0,0
R000203_05,C000203,P006,2026-03-08,0.402,0,0
R000204_01,C000204,P001,2026-08-16,0.156,0,0
R000204_02,C000204,P004,2026-07-20,0.424,0,0
R000205_01,C000205,P002,2026-08-13,0.581,0,0
R000205_02,C000205,P005,2026-03-11,0.164,1,0
R000206_01,C000206,P003,2026-03-26,0.402,1,0
R000206_02,C000206,P005,2026-05-23,0.118,0,0
R000207_01,C000207,P003,2026-08-12,0.751,0,0
R000207_02,C000207,P006,2026-04-06,0.544,1,0
R000207_03,C000207,P004,2026-05-25,0.645,0,0
R000207_04,C000207,P004,2026-05-23,0.582,0,0
R000207_05,C000207,P001,2026-07-27,0.569,0,0
R000208_01,C000208,P008,2026-04-29,0.414,1,0
R000208_02,C000208,P004,2026-06-07,0.519,0,0
R000208_03,C000208,P007,2026-04-07,0.43,0,0
R000208_04,C000208,P005,2026-04-23,0.531,1,0
R000208_05,C000208,P001,2026-06-15,0.366,1,0
R000209_01,C000209,P001,2026-05-17,0.147,0,0
R000209_02,C000209,P006,2026-05-13,0.366,0,0
R000210_01,C000210,P005,2026-05-26,0.476,0,0
R000210_02,C000210,P004,2026-02-13,0.452,1,0
R000211_01,C000211,P005,2026-07-07,0.476,0,0
R000211_02,C000211,P001,2026-08-01,0.349,0,0
R000212_01,C000212,P006,2026-03-07,0.459,1,0
R000212_02,C000212,P008,2026-08-19,0.413,0,0
R000212_03,C000212,P001,2026-05-28,0.221,0,0
R000213_01,C000213,P001,2026-03-20,0.463,0,0
R000213_02,C000213,P002,2026-07-01,0.468,0,0
R000214_01,C000214,P001,2026-08-02,0.6,1,0
R000214_02,C000214,P003,2026-04-12,0.601,0,0
R000214_03,C000214,P003,2026-07-02,0.307,0,0
R000215_01,C000215,P002,2026-06-17,0.333,0,0
R000215_02,C000215,P006,2026-07-09,0.601,0,0
R000215_03,C000215,P006,2026-05-03,0.398,1,0
R000215_04,C000215,P002,2026-03-20,0.406,1,1
R000215_05,C000215,P004,2026-05-23,0.371,0,0
R000216_01,C000216,P004,2026-07-15,0.559,1,0
R000216_02,C000216,P004,2026-06-01,0.492,1,1
R000217_01,C000217,P001,2026-06-14,0.373,0,0
R000217_02,C000217,P004,2026-06-13,0.66,1,1
R000218_01,C000218,P007,2026-05-13,0.48,1,0
R000218_02,C000218,P008,2026-03-31,0.363,0,0
R000218_03,C000218,P001,2026-07-26,0.553,0,0
R000218_04,C000218,P007,2026-08-14,0.737,1,0
R000218_05,C000218,P004,2026-04-06,0.694,1,0
R000219_01,C000219,P007,2026-04-14,0.344,0,0
R000219_02,C000219,P006,2026-07-22,0.495,0,0
R000219_03,C000219,P003,2026-06-19,0.193,0,0
R000219_04,C000219,P001,2026-02-13,0.674,1,1
R000220_01,C000220,P002,2026-02-13,0.491,0,0
R000220_02,C000220,P006,2026-07-29,0.474,1,1
R000220_03,C000220,P001,2026-06-08,0.33,1,0
R000220_04,C000220,P008,2026-07-28,0.434,0,0
R000221_01,C000221,P007,2026-04-09,0.64,0,0
R000221_02,C000221,P006,2026-04-22,0.699,1,0
R000221_03,C000221,P001,2026-03-15,0.617,1,0
R000221_04,C000221,P007,2026-08-13,0.714,1,1
R000222_01,C000222,P008,2026-06-09,0.144,0,0
R000222_02,C000222,P007,2026-03-02,0.445,0,0
R000222_03,C000222,P002,2026-06-14,0.247,0,0
R000223_01,C000223,P001,2026-07-31,0.803,0,0
R000223_02,C000223,P007,2026-06-03,0.671,1,0
R000224_01,C000224,P002,2026-08-18,0.316,1,0
R000224_02,C000224,P005,2026-03-07,0.382,0,0
R000224_03,C000224,P008,2026-06-04,0.398,1,1
R000225_01,C000225,P001,2026-07-12,0.313,0,0
R000225_02,C000225,P005,2026-03-13,0.282,0,0
R000225_03,C000225,P007,2026-05-10,0.159,0,0
R000225_04,C000225,P002,2026-07-28,0.124,0,0
R000226_01,C000226,P003,2026-07-17,0.399,0,0
R000226_02,C000226,P006,2026-06-18,0.633,0,0
R000226_03,C000226,P001,2026-06-11,0.367,1,0
R000226_04,C000226,P003,2026-07-15,0.453,1,0
R000227_01,C000227,P007,2026-05-17,0.267,0,0
R000227_02,C000227,P005,2026-04-29,0.503,1,0
R000227_03,C000227,P004,2026-08-17,0.348,0,0
R000227_04,C000227,P003,2026-02-18,0.164,0,0
R000228_01,C000228,P007,2026-04-06,0.611,1,0
R000228_02,C000228,P003,2026-06-17,0.54,0,0
R000228_03,C000228,P003,2026-03-23,0.534,0,0
R000229_01,C000229,P001,2026-04-23,0.451,0,0
R000229_02,C000229,P003,2026-04-29,0.657,0,0
R000229_03,C000229,P008,2026-03-09,0.409,0,0
R000230_01,C000230,P007,2026-05-22,0.424,0,0
R000230_02,C000230,P003,2026-04-07,0.416,1,0
R000231_01,C000231,P005,2026-07-18,0.545,0,0
R000231_02,C000231,P006,2026-06-07,0.472,1,0
R000231_03,C000231,P008,2026-04-14,0.492,1,1
R000231_04,C000231,P007,2026-04-27,0.486,0,0
R000231_05,C000231,P006,2026-04-04,0.379,0,0
R000232_01,C000232,P007,2026-02-23,0.254,0,0
R000232_02,C000232,P007,2026-04-16,0.442,1,0
R000232_03,C000232,P002,2026-05-09,0.081,0,0
R000233_01,C000233,P003,2026-03-22,0.459,0,0
R000233_02,C000233,P007,2026-05-16,0.374,0,0
R000233_03,C000233,P003,2026-05-04,0.379,1,0
R000233_04,C000233,P003,2026-04-28,0.313,0,0
R000233_05,C000233,P006,2026-07-23,0.393,0,0
R000234_01,C000234,P006,2026-04-16,0.427,0,0
R000234_02,C000234,P006,2026-07-24,0.293,0,0
R000234_03,C000234,P008,2026-03-17,0.476,0,0
R000234_04,C000234,P003,2026-07-09,0.228,0,0
R000235_01,C000235,P005,2026-03-20,0.41,0,0
R000235_02,C000235,P002,2026-02-26,0.496,0,0
R000235_03,C000235,P001,2026-06-14,0.56,1,0
R000235_04,C000235,P002,2026-06-06,0.21,0,0
R000235_05,C000235,P008,2026-03-02,0.552,0,0
R000236_01,C000236,P004,2026-07-01,0.793,0,0
R000236_02,C000236,P005,2026-05-09,0.518,1,0
R000237_01,C000237,P002,2026-08-07,0.254,0,0
R000237_02,C000237,P007,2026-08-02,0.364,0,0
R000238_01,C000238,P001,2026-04-19,0.511,0,0
R000238_02,C000238,P006,2026-02-19,0.472,1,0
R000238_03,C000238,P004,2026-05-31,0.412,0,0
R000239_01,C000239,P004,2026-06-07,0.498,0,0
R000239_02,C000239,P001,2026-03-14,0.653,0,0
R000239_03,C000239,P002,2026-04-03,0.566,1,0
R000239_04,C000239,P003,2026-03-02,0.497,0,0
R000239_05,C000239,P003,2026-05-31,0.497,1,1
R000240_01,C000240,P004,2026-02-28,0.439,1,0
R000240_02,C000240,P001,2026-06-03,0.46,0,0
R000240_03,C000240,P002,2026-08-05,0.486,0,0
R000240_04,C000240,P004,2026-03-15,0.534,1,0
R000240_05,C000240,P001,2026-04-30,0.264,0,0
R000241_01,C000241,P001,2026-06-20,0.501,0,0
R000241_02,C000241,P007,2026-07-04,0.182,0,0
R000241_03,C000241,P007,2026-03-01,0.339,0,0
R000241_04,C000241,P003,2026-05-02,0.186,0,0
R000241_05,C000241,P003,2026-03-04,0.276,0,0
R000242_01,C000242,P007,2026-06-23,0.44,0,0
R000242_02,C000242,P001,2026-05-04,0.231,1,1
R000242_03,C000242,P004,2026-07-23,0.442,0,0
R000242_04,C000242,P008,2026-03-07,0.275,0,0
R000242_05,C000242,P007,2026-05-15,0.287,0,0
R000243_01,C000243,P005,2026-08-10,0.493,0,0
R000243_02,C000243,P002,2026-06-22,0.253,0,0
R000243_03,C000243,P007,2026-06-03,0.392,0,0
R000243_04,C000243,P004,2026-07-21,0.403,0,0
R000244_01,C000244,P006,2026-08-04,0.357,1,0
R000244_02,C000244,P005,2026-04-30,0.28,0,0
R000244_03,C000244,P005,2026-02-23,0.482,1,0
R000244_04,C000244,P006,2026-08-06,0.612,0,0
R000245_01,C000245,P005,2026-07-24,0.345,0,0
R000245_02,C000245,P005,2026-05-12,0.432,0,0
R000245_03,C000245,P005,2026-08-17,0.318,0,0
R000246_01,C000246,P003,2026-05-01,0.2,0,0
R000246_02,C000246,P002,2026-05-04,0.368,0,0
R000246_03,C000246,P008,2026-04-29,0.322,0,0
R000246_04,C000246,P005,2026-05-05,0.393,0,0
R000247_01,C000247,P002,2026-04-25,0.355,0,0
R000247_02,C000247,P006,2026-02-26,0.338,0,0
R000247_03,C000247,P007,2026-02-25,0.373,1,0
R000247_04,C000247,P008,2026-02-28,0.162,0,0
R000247_05,C000247,P002,2026-05-01,0.27,0,0
R000248_01,C000248,P004,2026-04-03,0.368,0,0
R000248_02,C000248,P001,2026-04-17,0.248,0,0
R000248_03,C000248,P006,2026-04-26,0.248,0,0
R000248_04,C000248,P002,2026-04-10,0.233,0,0
R000248_05,C000248,P005,2026-03-27,0.284,0,0
R000249_01,C000249,P008,2026-06-04,0.687,1,0
R000249_02,C000249,P003,2026-03-28,0.706,1,0
R000249_03,C000249,P007,2026-03-24,0.582,1,1
R000249_04,C000249,P006,2026-03-25,0.617,1,0
R000250_01,C000250,P003,2026-04-11,0.582,0,0
R000250_02,C000250,P003,2026-05-31,0.593,0,0
R000250_03,C000250,P007,2026-04-17,0.561,0,0
R000251_01,C000251,P006,2026-02-19,0.427,0,0
R000251_02,C000251,P008,2026-07-17,0.307,0,0
R000252_01,C000252,P008,2026-03-23,0.475,0,0
R000252_02,C000252,P008,2026-03-25,0.273,1,0
R000252_03,C000252,P004,2026-02-13,0.545,1,0
R000252_04,C000252,P003,2026-04-16,0.363,0,0
R000252_05,C000252,P001,2026-03-20,0.478,0,0
R000253_01,C000253,P003,2026-06-29,0.402,1,0
R000253_02,C000253,P006,2026-02-22,0.741,0,0
R000253_03,C000253,P001,2026-06-17,0.605,0,0
R000254_01,C000254,P007,2026-04-13,0.243,1,0
R000254_02,C000254,P003,2026-08-10,0.161,0,0
R000255_01,C000255,P005,2026-04-06,0.443,0,0
R000255_02,C000255,P006,2026-05-20,0.494,1,1
R000255_03,C000255,P005,2026-07-02,0.479,0,0
R000256_01,C000256,P001,2026-03-12,0.224,0,0
R000256_02,C000256,P002,2026-08-18,0.447,0,0
R000256_03,C000256,P003,2026-05-20,0.562,1,0
R000256_04,C000256,P003,2026-07-19,0.36,0,0
R000257_01,C000257,P003,2026-04-19,0.393,0,0
R000257_02,C000257,P002,2026-07-09,0.365,0,0
R000257_03,C000257,P007,2026-03-21,0.248,0,0
R000257_04,C000257,P003,2026-07-27,0.227,0,0
R000257_05,C000257,P003,2026-06-18,0.271,0,0
R000258_01,C000258,P003,2026-06-19,0.368,1,0
R000258_02,C000258,P001,2026-04-26,0.193,0,0
R000258_03,C000258,P006,2026-03-29,0.242,0,0
R000258_04,C000258,P008,2026-03-13,0.354,1,0
R000259_01,C000259,P004,2026-07-15,0.226,0,0
R000259_02,C000259,P005,2026-07-15,0.376,0,0
R000259_03,C000259,P006,2026-07-30,0.347,0,0
R000259_04,C000259,P007,2026-06-06,0.552,0,0
R000259_05,C000259,P007,2026-07-04,0.405,0,0
R000260_01,C000260,P003,2026-07-28,0.557,0,0
R000260_02,C000260,P004,2026-03-09,0.398,0,0
R000261_01,C000261,P002,2026-02-12,0.506,0,0
R000261_02,C000261,P007,2026-03-07,0.185,0,0
R000262_01,C000262,P001,2026-08-04,0.441,1,1
R000262_02,C000262,P005,2026-03-14,0.192,0,0
R000262_03,C000262,P005,2026-08-17,0.532,0,0
R000262_04,C000262,P006,2026-05-18,0.409,1,0
R000262_05,C000262,P003,2026-02-27,0.203,0,0
R000263_01,C000263,P007,2026-07-04,0.273,1,0
R000263_02,C000263,P002,2026-04-15,0.353,1,0
R000264_01,C000264,P007,2026-06-14,0.372,1,1
R000264_02,C000264,P008,2026-04-18,0.698,0,0
R000264_03,C000264,P002,2026-06-19,0.569,0,0
R000264_04,C000264,P005,2026-06-19,0.773,1,0
R000264_05,C000264,P004,2026-06-25,0.202,0,0
R000265_01,C000265,P005,2026-08-12,0.603,1,0
R000265_02,C000265,P004,2026-07-16,0.734,0,0
R000265_03,C000265,P005,2026-03-03,0.704,1,0
R000265_04,C000265,P005,2026-05-02,0.836,0,0
R000265_05,C000265,P002,2026-06-13,0.602,1,0
R000266_01,C000266,P004,2026-07-07,0.325,0,0
R000266_02,C000266,P001,2026-07-04,0.262,0,0
R000266_03,C000266,P003,2026-05-11,0.407,1,0
R000267_01,C000267,P006,2026-06-23,0.459,0,0
R000267_02,C000267,P007,2026-04-07,0.449,0,0
R000267_03,C000267,P002,2026-02-13,0.629,0,0
R000268_01,C000268,P004,2026-03-05,0.544,1,0
R000268_02,C000268,P005,2026-04-04,0.268,0,0
R000268_03,C000268,P004,2026-05-26,0.3,0,0
R000268_04,C000268,P003,2026-07-27,0.445,1,0
R000269_01,C000269,P007,2026-05-13,0.415,0,0
R000269_02,C000269,P006,2026-02-13,0.577,0,0
R000269_03,C000269,P002,2026-06-25,0.535,1,0
R000269_04,C000269,P002,2026-07-08,0.432,0,0
R000269_05,C000269,P002,2026-03-07,0.362,0,0
R000270_01,C000270,P004,2026-07-23,0.665,0,0
R000270_02,C000270,P003,2026-05-05,0.667,1,0
R000270_03,C000270,P007,2026-06-14,0.268,0,0
R000270_04,C000270,P007,2026-02-22,0.649,0,0
R000270_05,C000270,P007,2026-04-01,0.615,1,0
R000271_01,C000271,P008,2026-04-05,0.133,1,0
R000271_02,C000271,P008,2026-05-06,0.147,0,0
R000271_03,C000271,P008,2026-02-12,0.351,1,0
R000272_01,C000272,P005,2026-07-12,0.558,0,0
R000272_02,C000272,P002,2026-07-19,0.559,1,0
R000272_03,C000272,P007,2026-05-25,0.739,1,0
R000272_04,C000272,P006,2026-04-06,0.615,0,0
R000273_01,C000273,P007,2026-06-14,0.491,1,0
R000273_02,C000273,P006,2026-06-25,0.372,1,0
R000273_03,C000273,P002,2026-03-20,0.305,0,0
R000273_04,C000273,P003,2026-03-31,0.305,0,0
R000274_01,C000274,P008,2026-06-20,0.672,1,0
R000274_02,C000274,P006,2026-08-10,0.368,1,0
R000275_01,C000275,P008,2026-02-11,0.539,0,0
R000275_02,C000275,P003,2026-06-02,0.325,0,0
R000276_01,C000276,P005,2026-03-21,0.568,0,0
R000276_02,C000276,P006,2026-03-02,0.352,0,0
R000276_03,C000276,P004,2026-07-20,0.305,1,0
R000277_01,C000277,P002,2026-07-22,0.559,1,0
R000277_02,C000277,P006,2026-07-12,0.654,0,0
R000277_03,C000277,P003,2026-04-30,0.615,0,0
R000277_04,C000277,P003,2026-04-05,0.542,0,0
R000278_01,C000278,P003,2026-08-03,0.381,0,0
R000278_02,C000278,P006,2026-04-19,0.429,1,0
R000278_03,C000278,P005,2026-03-21,0.339,1,0
R000278_04,C000278,P004,2026-07-29,0.316,0,0
R000278_05,C000278,P005,2026-03-17,0.37,0,0
R000279_01,C000279,P008,2026-05-22,0.457,0,0
R000279_02,C000279,P008,2026-08-02,0.532,1,0
R000280_01,C000280,P001,2026-07-27,0.522,0,0
R000280_02,C000280,P001,2026-04-13,0.352,0,0
R000281_01,C000281,P005,2026-05-15,0.682,1,1
R000281_02,C000281,P001,2026-07-28,0.385,0,0
R000281_03,C000281,P003,2026-07-24,0.293,0,0
R000281_04,C000281,P007,2026-03-15,0.628,0,0
R000281_05,C000281,P008,2026-05-02,0.54,1,1
R000282_01,C000282,P008,2026-06-17,0.692,0,0
R000282_02,C000282,P001,2026-04-06,0.59,1,1
R000282_03,C000282,P002,2026-04-09,0.765,0,0
R000283_01,C000283,P003,2026-07-08,0.691,1,0
R000283_02,C000283,P007,2026-04-15,0.773,0,0
R000283_03,C000283,P008,2026-06-23,0.687,0,0
R000284_01,C000284,P007,2026-07-13,0.282,0,0
R000284_02,C000284,P002,2026-06-17,0.31,1,0
R000284_03,C000284,P003,2026-08-10,0.593,0,0
R000284_04,C000284,P007,2026-05-27,0.471,0,0
R000285_01,C000285,P005,2026-04-28,0.553,0,0
R000285_02,C000285,P004,2026-05-19,0.389,0,0
R000285_03,C000285,P004,2026-02-15,0.308,0,0
R000285_04,C000285,P006,2026-06-04,0.33,0,0
R000285_05,C000285,P008,2026-06-12,0.769,0,0
R000286_01,C000286,P008,2026-02-12,0.723,0,0
R000286_02,C000286,P005,2026-03-18,0.603,0,0
R000286_03,C000286,P005,2026-05-24,0.263,0,0
R000287_01,C000287,P003,2026-04-14,0.189,0,0
R000287_02,C000287,P004,2026-06-13,0.708,0,0
R000287_03,C000287,P002,2026-07-12,0.531,0,0
R000287_04,C000287,P005,2026-04-20,0.735,0,0
R000288_01,C000288,P006,2026-06-24,0.288,1,0
R000288_02,C000288,P007,2026-05-23,0.515,1,1
R000288_03,C000288,P005,2026-05-21,0.497,0,0
R000289_01,C000289,P004,2026-05-23,0.398,1,0
R000289_02,C000289,P004,2026-05-19,0.293,1,0
R000290_01,C000290,P005,2026-04-17,0.186,0,0
R000290_02,C000290,P001,2026-04-12,0.459,0,0
R000290_03,C000290,P001,2026-07-16,0.324,0,0
R000290_04,C000290,P008,2026-08-01,0.407,0,0
R000290_05,C000290,P001,2026-07-06,0.517,0,0
R000291_01,C000291,P004,2026-08-04,0.326,0,0
R000291_02,C000291,P001,2026-03-22,0.424,0,0
R000292_01,C000292,P006,2026-02-14,0.379,0,0
R000292_02,C000292,P004,2026-06-14,0.689,0,0
R000292_03,C000292,P005,2026-07-03,0.669,0,0
R000293_01,C000293,P005,2026-07-19,0.627,0,0
R000293_02,C000293,P008,2026-07-23,0.494,1,1
R000293_03,C000293,P007,2026-03-31,0.351,0,0
R000293_04,C000293,P007,2026-06-16,0.614,0,0
R000293_05,C000293,P005,2026-04-10,0.587,0,0
R000294_01,C000294,P004,2026-07-19,0.552,0,0
R000294_02,C000294,P006,2026-05-17,0.545,0,0
R000294_03,C000294,P004,2026-04-14,0.473,1,1
R000295_01,C000295,P002,2026-08-07,0.544,0,0
R000295_02,C000295,P008,2026-03-26,0.431,0,0
R000295_03,C000295,P003,2026-05-17,0.183,0,0
R000295_04,C000295,P004,2026-03-10,0.524,1,0
R000295_05,C000295,P008,2026-08-01,0.415,1,0
R000296_01,C000296,P002,2026-05-25,0.69,0,0
R000296_02,C000296,P004,2026-02-23,0.546,1,0
R000296_03,C000296,P004,2026-03-23,0.554,0,0
R000297_01,C000297,P008,2026-02-20,0.714,1,0
R000297_02,C000297,P001,2026-03-09,0.493,0,0
R000297_03,C000297,P005,2026-04-20,0.659,1,1
R000298_01,C000298,P003,2026-04-16,0.495,0,0
R000298_02,C000298,P007,2026-03-19,0.41,0,0
R000298_03,C000298,P006,2026-07-03,0.435,0,0
R000298_04,C000298,P006,2026-05-20,0.525,1,0
R000299_01,C000299,P005,2026-05-13,0.568,0,0
R000299_02,C000299,P004,2026-04-22,0.612,0,0
R000299_03,C000299,P001,2026-07-07,0.173,0,0
R000299_04,C000299,P004,2026-06-30,0.308,0,0
R000299_05,C000299,P005,2026-07-14,0.399,0,0
R000300_01,C000300,P006,2026-03-07,0.295,0,0
R000300_02,C000300,P003,2026-07-25,0.257,1,0
R000300_03,C000300,P001,2026-04-04,0.361,0,0
R000300_04,C000300,P008,2026-03-08,0.37,0,0
R000300_05,C000300,P002,2026-08-15,0.394,1,0
R000301_01,C000301,P008,2026-04-01,0.676,0,0
R000301_02,C000301,P008,2026-04-11,0.511,0,0
R000301_03,C000301,P006,2026-03-07,0.495,1,0
R000302_01,C000302,P003,2026-07-22,0.251,0,0
R000302_02,C000302,P008,2026-05-19,0.228,0,0
R000303_01,C000303,P008,2026-04-03,0.369,1,1
R000303_02,C000303,P005,2026-05-07,0.453,0,0
R000303_03,C000303,P006,2026-07-06,0.219,0,0
R000303_04,C000303,P008,2026-06-29,0.655,0,0
R000303_05,C000303,P002,2026-03-05,0.436,0,0
R000304_01,C000304,P003,2026-02-13,0.305,0,0
R000304_02,C000304,P005,2026-06-02,0.444,1,0
R000304_03,C000304,P002,2026-02-25,0.399,1,0
R000304_04,C000304,P007,2026-03-13,0.506,0,0
R000305_01,C000305,P001,2026-07-02,0.353,0,0
R000305_02,C000305,P006,2026-05-12,0.108,0,0
R000306_01,C000306,P004,2026-06-05,0.338,1,0
R000306_02,C000306,P007,2026-03-11,0.297,1,1
R000306_03,C000306,P005,2026-07-28,0.252,0,0
R000306_04,C000306,P005,2026-03-03,0.476,1,1
R000307_01,C000307,P001,2026-07-30,0.431,0,0
R000307_02,C000307,P007,2026-08-07,0.707,0,0
R000307_03,C000307,P005,2026-05-04,0.558,0,0
R000307_04,C000307,P003,2026-07-22,0.52,0,0
R000308_01,C000308,P004,2026-06-19,0.278,1,0
R000308_02,C000308,P002,2026-05-22,0.384,1,0
R000308_03,C000308,P001,2026-07-05,0.32,0,0
R000308_04,C000308,P001,2026-04-14,0.443,0,0
R000308_05,C000308,P005,2026-08-13,0.307,0,0
R000309_01,C000309,P005,2026-04-11,0.429,1,0
R000309_02,C000309,P001,2026-02-15,0.443,0,0
R000310_01,C000310,P001,2026-08-17,0.306,0,0
R000310_02,C000310,P005,2026-03-13,0.24,1,0
R000310_03,C000310,P002,2026-06-10,0.16,0,0
R000310_04,C000310,P001,2026-02-28,0.305,0,0
R000310_05,C000310,P003,2026-07-05,0.055,0,0
R000311_01,C000311,P004,2026-07-29,0.612,0,0
R000311_02,C000311,P003,2026-07-03,0.382,0,0
R000311_03,C000311,P004,2026-05-17,0.387,0,0
R000312_01,C000312,P007,2026-08-08,0.52,0,0
R000312_02,C000312,P006,2026-04-12,0.363,1,0
R000313_01,C000313,P001,2026-07-31,0.493,0,0
R000313_02,C000313,P001,2026-06-04,0.544,0,0
R000313_03,C000313,P005,2026-04-13,0.306,0,0
R000313_04,C000313,P002,2026-05-19,0.474,0,0
R000313_05,C000313,P006,2026-03-13,0.277,0,0
R000314_01,C000314,P004,2026-05-31,0.315,0,0
R000314_02,C000314,P001,2026-04-20,0.45,0,0
R000314_03,C000314,P002,2026-04-18,0.537,1,0
R000314_04,C000314,P002,2026-08-07,0.559,0,0
R000315_01,C000315,P005,2026-07-28,0.47,0,0
R000315_02,C000315,P004,2026-03-07,0.42,1,0
R000315_03,C000315,P003,2026-08-04,0.231,0,0
R000315_04,C000315,P004,2026-08-10,0.451,0,0
R000315_05,C000315,P007,2026-07-05,0.55,1,0
R000316_01,C000316,P008,2026-08-02,0.388,1,0
R000316_02,C000316,P005,2026-07-16,0.539,0,0
R000316_03,C000316,P001,2026-05-02,0.448,0,0
R000316_04,C000316,P003,2026-08-05,0.184,0,0
R000317_01,C000317,P005,2026-06-06,0.343,0,0
R000317_02,C000317,P001,2026-06-18,0.403,0,0
R000318_01,C000318,P002,2026-08-13,0.558,0,0
R000318_02,C000318,P002,2026-03-23,0.351,0,0
R000318_03,C000318,P001,2026-05-03,0.58,0,0
R000318_04,C000318,P006,2026-02-12,0.477,1,1
R000319_01,C000319,P005,2026-03-04,0.397,0,0
R000319_02,C000319,P002,2026-07-27,0.259,0,0
R000320_01,C000320,P002,2026-06-12,0.426,0,0
R000320_02,C000320,P001,2026-07-28,0.711,1,1
R000321_01,C000321,P007,2026-04-14,0.297,0,0
R000321_02,C000321,P004,2026-05-18,0.283,0,0
R000322_01,C000322,P007,2026-08-09,0.356,1,0
R000322_02,C000322,P005,2026-07-21,0.47,0,0
R000322_03,C000322,P004,2026-06-22,0.513,0,0
R000322_04,C000322,P004,2026-05-08,0.51,1,1
R000323_01,C000323,P005,2026-04-04,0.36,0,0
R000323_02,C000323,P002,2026-06-07,0.436,0,0
R000323_03,C000323,P005,2026-03-22,0.367,0,0
R000324_01,C000324,P002,2026-03-31,0.478,0,0
R000324_02,C000324,P007,2026-06-28,0.422,0,0
R000324_03,C000324,P007,2026-04-16,0.465,1,0
R000325_01,C000325,P004,2026-05-08,0.7,0,0
R000325_02,C000325,P007,2026-06-04,0.357,0,0
R000325_03,C000325,P006,2026-08-01,0.466,1,0
R000326_01,C000326,P006,2026-02-14,0.536,0,0
R000326_02,C000326,P006,2026-05-03,0.57,1,0
R000326_03,C000326,P001,2026-03-24,0.349,0,0
R000326_04,C000326,P008,2026-03-18,0.456,0,0
R000326_05,C000326,P006,2026-03-14,0.356,1,0
R000327_01,C000327,P001,2026-03-09,0.54,1,0
R000327_02,C000327,P007,2026-07-14,0.467,0,0
R000327_03,C000327,P007,2026-04-01,0.412,1,0
R000327_04,C000327,P006,2026-07-18,0.521,0,0
R000327_05,C000327,P002,2026-02-19,0.441,0,0
R000328_01,C000328,P004,2026-08-12,0.541,0,0
R000328_02,C000328,P008,2026-06-04,0.521,0,0
R000328_03,C000328,P004,2026-06-16,0.439,0,0
R000328_04,C000328,P001,2026-03-02,0.56,1,0
R000329_01,C000329,P002,2026-05-24,0.479,0,0
R000329_02,C000329,P006,2026-06-08,0.464,1,1
R000329_03,C000329,P001,2026-08-08,0.343,0,0
R000329_04,C000329,P004,2026-02-25,0.436,0,0
R000329_05,C000329,P008,2026-07-31,0.521,1,0
R000330_01,C000330,P002,2026-05-12,0.405,0,0
R000330_02,C000330,P007,2026-03-17,0.565,0,0
R000330_03,C000330,P003,2026-03-22,0.617,0,0
R000330_04,C000330,P005,2026-07-09,0.539,1,0
R000330_05,C000330,P001,2026-03-20,0.627,0,0
R000331_01,C000331,P003,2026-05-28,0.321,1,0
R000331_02,C000331,P001,2026-08-11,0.364,0,0
R000331_03,C000331,P004,2026-02-17,0.348,1,0
R000331_04,C000331,P002,2026-03-24,0.309,1,1
R000331_05,C000331,P001,2026-06-15,0.103,0,0
R000332_01,C000332,P008,2026-03-23,0.409,0,0
R000332_02,C000332,P003,2026-07-28,0.243,0,0
R000332_03,C000332,P006,2026-07-10,0.433,0,0
R000332_04,C000332,P005,2026-07-29,0.202,0,0
R000332_05,C000332,P004,2026-03-02,0.252,0,0
R000333_01,C000333,P005,2026-02-16,0.701,0,0
R000333_02,C000333,P007,2026-05-07,0.553,0,0
R000334_01,C000334,P001,2026-08-04,0.461,0,0
R000334_02,C000334,P001,2026-04-09,0.436,0,0
R000334_03,C000334,P007,2026-06-16,0.398,0,0
R000334_04,C000334,P004,2026-07-31,0.373,1,1
R000335_01,C000335,P004,2026-04-06,0.384,1,0
R000335_02,C000335,P003,2026-07-25,0.417,0,0
R000336_01,C000336,P008,2026-05-14,0.597,0,0
R000336_02,C000336,P005,2026-02-11,0.316,1,0
R000336_03,C000336,P006,2026-06-03,0.434,0,0
R000337_01,C000337,P007,2026-04-19,0.207,0,0
R000337_02,C000337,P007,2026-04-26,0.406,0,0
R000337_03,C000337,P007,2026-06-09,0.233,0,0
R000337_04,C000337,P001,2026-02-11,0.22,0,0
R000337_05,C000337,P008,2026-03-30,0.431,0,0
R000338_01,C000338,P007,2026-05-19,0.508,1,0
R000338_02,C000338,P003,2026-05-27,0.33,0,0
R000338_03,C000338,P005,2026-03-08,0.31,1,0
R000338_04,C000338,P005,2026-06-24,0.602,0,0
R000338_05,C000338,P003,2026-04-07,0.657,0,0
R000339_01,C000339,P006,2026-05-06,0.5,0,0
R000339_02,C000339,P004,2026-07-02,0.419,1,0
R000339_03,C000339,P007,2026-03-18,0.456,1,1
R000340_01,C000340,P008,2026-06-21,0.458,0,0
R000340_02,C000340,P006,2026-06-14,0.475,0,0
R000341_01,C000341,P008,2026-05-22,0.388,0,0
R000341_02,C000341,P002,2026-07-07,0.529,1,0
R000342_01,C000342,P003,2026-04-21,0.545,1,1
R000342_02,C000342,P007,2026-07-12,0.566,0,0
R000342_03,C000342,P004,2026-06-27,0.285,0,0
R000343_01,C000343,P008,2026-03-01,0.66,0,0
R000343_02,C000343,P008,2026-03-30,0.569,1,0
R000343_03,C000343,P007,2026-06-28,0.321,0,0
R000343_04,C000343,P003,2026-04-13,0.404,0,0
R000343_05,C000343,P003,2026-05-16,0.498,0,0
R000344_01,C000344,P006,2026-05-29,0.261,1,0
R000344_02,C000344,P005,2026-06-08,0.291,1,0
R000344_03,C000344,P001,2026-05-01,0.12,0,0
R000344_04,C000344,P005,2026-04-03,0.511,0,0
R000344_05,C000344,P002,2026-05-31,0.069,0,0
R000345_01,C000345,P003,2026-05-22,0.346,1,0
R000345_02,C000345,P004,2026-04-16,0.654,0,0
R000346_01,C000346,P005,2026-03-18,0.366,1,0
R000346_02,C000346,P002,2026-07-26,0.41,0,0
R000346_03,C000346,P002,2026-05-28,0.21,0,0
R000346_04,C000346,P001,2026-05-27,0.493,1,0
R000347_01,C000347,P001,2026-02-28,0.393,0,0
R000347_02,C000347,P004,2026-04-12,0.414,0,0
R000347_03,C000347,P007,2026-07-17,0.496,0,0
R000348_01,C000348,P005,2026-07-17,0.262,0,0
R000348_02,C000348,P007,2026-04-12,0.667,0,0
R000348_03,C000348,P006,2026-06-18,0.533,1,0
R000349_01,C000349,P007,2026-02-24,0.4,0,0
R000349_02,C000349,P007,2026-07-10,0.305,0,0
R000349_03,C000349,P005,2026-08-05,0.406,1,0
R000349_04,C000349,P007,2026-08-15,0.137,0,0
R000350_01,C000350,P007,2026-05-20,0.404,0,0
R000350_02,C000350,P005,2026-02-23,0.387,0,0
R000350_03,C000350,P002,2026-07-31,0.264,0,0
R000350_04,C000350,P008,2026-02-26,0.15,0,0
R000350_05,C000350,P007,2026-08-12,0.463,0,0
R000351_01,C000351,P005,2026-08-03,0.276,0,0
R000351_02,C000351,P008,2026-03-25,0.684,1,0
R000351_03,C000351,P005,2026-06-04,0.438,1,1
R000351_04,C000351,P004,2026-08-09,0.453,0,0
R000352_01,C000352,P008,2026-05-05,0.462,0,0
R000352_02,C000352,P005,2026-05-02,0.384,0,0
R000352_03,C000352,P007,2026-06-18,0.321,0,0
R000352_04,C000352,P003,2026-07-05,0.265,0,0
R000352_05,C000352,P003,2026-04-06,0.399,0,0
R000353_01,C000353,P006,2026-06-18,0.6,1,1
R000353_02,C000353,P006,2026-05-30,0.734,0,0
R000353_03,C000353,P001,2026-03-12,0.463,0,0
R000353_04,C000353,P001,2026-07-02,0.666,1,0
R000353_05,C000353,P002,2026-06-18,0.577,1,0
R000354_01,C000354,P003,2026-07-15,0.248,0,0
R000354_02,C000354,P002,2026-06-28,0.227,0,0
R000354_03,C000354,P008,2026-07-20,0.186,1,0
R000355_01,C000355,P001,2026-08-11,0.634,1,1
R000355_02,C000355,P003,2026-04-22,0.404,0,0
R000356_01,C000356,P008,2026-05-25,0.832,1,1
R000356_02,C000356,P001,2026-07-08,0.736,1,0
R000356_03,C000356,P006,2026-07-28,0.553,0,0
R000356_04,C000356,P007,2026-08-05,0.622,0,0
R000356_05,C000356,P001,2026-05-24,0.686,1,1
R000357_01,C000357,P007,2026-03-22,0.63,1,0
R000357_02,C000357,P004,2026-03-23,0.5,0,0
R000358_01,C000358,P003,2026-05-06,0.298,0,0
R000358_02,C000358,P002,2026-08-07,0.498,0,0
R000359_01,C000359,P004,2026-02-23,0.041,0,0
R000359_02,C000359,P007,2026-08-01,0.179,0,0
R000359_03,C000359,P006,2026-07-06,0.164,0,0
R000360_01,C000360,P002,2026-05-14,0.53,0,0
R000360_02,C000360,P007,2026-08-02,0.396,0,0
R000360_03,C000360,P007,2026-07-08,0.545,1,0
R000361_01,C000361,P007,2026-03-23,0.36,0,0
R000361_02,C000361,P003,2026-06-22,0.397,0,0
R000361_03,C000361,P005,2026-06-04,0.342,0,0
R000361_04,C000361,P006,2026-06-03,0.216,0,0
R000361_05,C000361,P006,2026-04-23,0.156,0,0
R000362_01,C000362,P006,2026-05-21,0.589,0,0
R000362_02,C000362,P004,2026-08-16,0.471,0,0
R000362_03,C000362,P008,2026-07-18,0.666,1,0
R000362_04,C000362,P004,2026-06-17,0.326,0,0
R000362_05,C000362,P001,2026-07-12,0.751,1,1
R000363_01,C000363,P002,2026-04-27,0.356,0,0
R000363_02,C000363,P008,2026-02-13,0.559,0,0
R000363_03,C000363,P007,2026-04-15,0.546,1,1
R000363_04,C000363,P002,2026-03-24,0.595,1,0
R000363_05,C000363,P001,2026-04-18,0.602,0,0
R000364_01,C000364,P006,2026-04-07,0.292,0,0
R000364_02,C000364,P001,2026-03-30,0.287,1,0
R000365_01,C000365,P007,2026-08-15,0.528,0,0
R000365_02,C000365,P007,2026-05-23,0.613,0,0
R000365_03,C000365,P001,2026-08-19,0.483,0,0
R000365_04,C000365,P005,2026-06-18,0.595,1,0
R000366_01,C000366,P004,2026-08-02,0.537,0,0
R000366_02,C000366,P002,2026-02-24,0.418,0,0
R000366_03,C000366,P002,2026-07-22,0.44,1,1
R000367_01,C000367,P004,2026-03-09,0.456,1,0
R000367_02,C000367,P007,2026-08-10,0.5,0,0
R000367_03,C000367,P003,2026-07-31,0.47,0,0
R000367_04,C000367,P005,2026-03-21,0.619,1,0
R000367_05,C000367,P002,2026-03-09,0.464,0,0
R000368_01,C000368,P002,2026-06-07,0.321,0,0
R000368_02,C000368,P005,2026-03-21,0.441,1,0
R000369_01,C000369,P004,2026-05-06,0.277,0,0
R000369_02,C000369,P007,2026-07-04,0.312,0,0
R000369_03,C000369,P001,2026-03-09,0.203,0,0
R000369_04,C000369,P001,2026-05-02,0.363,1,0
R000370_01,C000370,P005,2026-07-17,0.511,1,0
R000370_02,C000370,P003,2026-02-16,0.581,1,0
R000371_01,C000371,P004,2026-04-30,0.607,1,0
R000371_02,C000371,P006,2026-05-16,0.547,0,0
R000371_03,C000371,P006,2026-05-11,0.529,0,0
R000371_04,C000371,P001,2026-07-20,0.641,0,0
R000371_05,C000371,P005,2026-03-19,0.538,0,0
R000372_01,C000372,P008,2026-03-10,0.467,0,0
R000372_02,C000372,P003,2026-08-10,0.695,1,0
R000372_03,C000372,P004,2026-03-22,0.399,0,0
R000373_01,C000373,P003,2026-05-21,0.408,0,0
R000373_02,C000373,P001,2026-04-04,0.149,0,0
R000374_01,C000374,P005,2026-06-19,0.582,0,0
R000374_02,C000374,P001,2026-05-04,0.636,0,0
R000374_03,C000374,P006,2026-03-18,0.491,0,0
R000374_04,C000374,P001,2026-07-28,0.511,0,0
R000374_05,C000374,P001,2026-05-21,0.663,0,0
R000375_01,C000375,P006,2026-06-18,0.331,1,0
R000375_02,C000375,P003,2026-03-07,0.575,1,0
R000375_03,C000375,P001,2026-04-01,0.416,0,0
R000376_01,C000376,P005,2026-04-07,0.22,0,0
R000376_02,C000376,P002,2026-02-15,0.416,0,0
R000376_03,C000376,P003,2026-08-12,0.257,0,0
R000376_04,C000376,P005,2026-03-22,0.247,0,0
R000376_05,C000376,P001,2026-02-23,0.273,1,0
R000377_01,C000377,P008,2026-03-04,0.621,0,0
R000377_02,C000377,P003,2026-06-25,0.52,0,0
R000378_01,C000378,P001,2026-04-16,0.279,0,0
R000378_02,C000378,P008,2026-06-02,0.444,0,0
R000378_03,C000378,P001,2026-07-12,0.367,0,0
R000378_04,C000378,P007,2026-03-26,0.285,0,0
R000378_05,C000378,P006,2026-05-07,0.597,0,0
R000379_01,C000379,P007,2026-03-16,0.563,0,0
R000379_02,C000379,P005,2026-06-28,0.428,0,0
R000380_01,C000380,P008,2026-04-17,0.473,1,0
R000380_02,C000380,P007,2026-06-11,0.29,0,0
R000380_03,C000380,P002,2026-03-23,0.584,0,0
R000381_01,C000381,P003,2026-03-14,0.462,1,0
R000381_02,C000381,P004,2026-05-03,0.593,0,0
R000381_03,C000381,P001,2026-06-06,0.475,0,0
R000382_01,C000382,P005,2026-07-20,0.538,0,0
R000382_02,C000382,P002,2026-02-26,0.541,0,0
R000382_03,C000382,P002,2026-04-29,0.427,0,0
R000383_01,C000383,P003,2026-07-27,0.547,1,0
R000383_02,C000383,P002,2026-05-29,0.713,1,0
R000383_03,C000383,P004,2026-03-18,0.69,1,1
R000384_01,C000384,P008,2026-04-28,0.45,0,0
R000384_02,C000384,P007,2026-03-20,0.469,0,0
R000384_03,C000384,P008,2026-07-07,0.035,1,0
R000384_04,C000384,P001,2026-06-23,0.283,0,0
R000384_05,C000384,P005,2026-08-14,0.167,0,0
R000385_01,C000385,P002,2026-06-03,0.161,0,0
R000385_02,C000385,P001,2026-04-15,0.356,0,0
R000385_03,C000385,P008,2026-06-11,0.518,1,0
R000385_04,C000385,P008,2026-08-03,0.525,1,1
R000385_05,C000385,P002,2026-08-11,0.375,0,0
R000386_01,C000386,P006,2026-08-08,0.448,0,0
R000386_02,C000386,P007,2026-06-19,0.468,1,0
R000386_03,C000386,P001,2026-05-04,0.52,0,0
R000386_04,C000386,P003,2026-03-08,0.576,1,1
R000386_05,C000386,P008,2026-03-17,0.34,0,0
R000387_01,C000387,P004,2026-05-14,0.417,0,0
R000387_02,C000387,P008,2026-05-11,0.385,0,0
R000387_03,C000387,P001,2026-03-13,0.163,0,0
R000387_04,C000387,P004,2026-02-16,0.434,0,0
R000388_01,C000388,P008,2026-06-17,0.349,0,0
R000388_02,C000388,P001,2026-06-13,0.365,1,1
R000388_03,C000388,P003,2026-04-25,0.482,0,0
R000389_01,C000389,P002,2026-02-17,0.468,0,0
R000389_02,C000389,P005,2026-05-16,0.612,1,1
R000389_03,C000389,P001,2026-05-10,0.262,0,0
R000389_04,C000389,P007,2026-03-13,0.433,1,0
R000390_01,C000390,P007,2026-08-04,0.494,0,0
R000390_02,C000390,P008,2026-07-13,0.452,0,0
R000390_03,C000390,P004,2026-04-27,0.568,1,1
R000390_04,C000390,P003,2026-08-08,0.645,1,1
R000391_01,C000391,P008,2026-08-12,0.563,1,1
R000391_02,C000391,P008,2026-07-03,0.415,0,0
R000392_01,C000392,P002,2026-03-18,0.236,0,0
R000392_02,C000392,P002,2026-05-04,0.528,0,0
R000392_03,C000392,P001,2026-04-22,0.351,0,0
R000392_04,C000392,P003,2026-08-14,0.277,0,0
R000393_01,C000393,P001,2026-04-01,0.704,0,0
R000393_02,C000393,P006,2026-06-07,0.846,1,1
R000393_03,C000393,P001,2026-07-04,0.638,1,1
R000393_04,C000393,P001,2026-04-11,0.791,0,0
R000394_01,C000394,P008,2026-05-16,0.707,0,0
R000394_02,C000394,P005,2026-05-28,0.521,0,0
R000394_03,C000394,P006,2026-07-25,0.271,0,0
R000395_01,C000395,P006,2026-07-13,0.346,0,0
R000395_02,C000395,P002,2026-05-03,0.261,0,0
R000395_03,C000395,P008,2026-04-02,0.411,0,0
R000396_01,C000396,P007,2026-02-13,0.277,0,0
R000396_02,C000396,P005,2026-07-20,0.243,0,0
R000396_03,C000396,P004,2026-06-16,0.327,0,0
R000396_04,C000396,P002,2026-04-23,0.402,0,0
R000396_05,C000396,P001,2026-02-17,0.44,0,0
R000397_01,C000397,P002,2026-04-09,0.747,0,0
R000397_02,C000397,P007,2026-08-03,0.47,0,0
R000398_01,C000398,P008,2026-07-09,0.541,0,0
R000398_02,C000398,P001,2026-04-29,0.568,1,0
R000399_01,C000399,P003,2026-02-16,0.481,1,0
R000399_02,C000399,P002,2026-06-16,0.446,1,1
R000400_01,C000400,P001,2026-08-02,0.579,1,0
R000400_02,C000400,P005,2026-03-29,0.798,1,0
R000400_03,C000400,P008,2026-03-19,0.748,0,0
R000400_04,C000400,P006,2026-03-11,0.385,0,0
R000401_01,C000401,P002,2026-04-21,0.347,0,0
R000401_02,C000401,P003,2026-03-12,0.575,1,0
R000402_01,C000402,P008,2026-05-01,0.546,0,0
R000402_02,C000402,P005,2026-02-24,0.421,0,0
R000402_03,C000402,P002,2026-04-22,0.49,1,0
R000402_04,C000402,P007,2026-07-29,0.656,1,1
R000403_01,C000403,P006,2026-03-10,0.294,1,0
R000403_02,C000403,P001,2026-05-26,0.415,1,1
R000404_01,C000404,P004,2026-03-26,0.521,0,0
R000404_02,C000404,P001,2026-08-07,0.521,0,0
R000405_01,C000405,P002,2026-03-06,0.404,0,0
R000405_02,C000405,P007,2026-08-08,0.425,1,0
R000405_03,C000405,P002,2026-02-13,0.305,1,1
R000405_04,C000405,P001,2026-04-10,0.211,0,0
R000405_05,C000405,P002,2026-03-03,0.515,0,0
R000406_01,C000406,P001,2026-03-30,0.209,0,0
R000406_02,C000406,P003,2026-07-04,0.556,1,1
R000407_01,C000407,P007,2026-07-04,0.798,1,1
R000407_02,C000407,P001,2026-08-09,0.222,0,0
R000407_03,C000407,P006,2026-06-21,0.57,0,0
R000407_04,C000407,P004,2026-07-04,0.369,0,0
R000408_01,C000408,P005,2026-06-30,0.446,0,0
R000408_02,C000408,P003,2026-05-25,0.494,0,0
R000408_03,C000408,P008,2026-03-20,0.358,0,0
R000408_04,C000408,P003,2026-04-06,0.399,0,0
R000408_05,C000408,P002,2026-06-23,0.46,0,0
R000409_01,C000409,P004,2026-03-04,0.429,0,0
R000409_02,C000409,P007,2026-04-12,0.569,0,0
R000410_01,C000410,P005,2026-03-24,0.434,0,0
R000410_02,C000410,P006,2026-06-08,0.563,0,0
R000410_03,C000410,P008,2026-05-13,0.411,0,0
R000410_04,C000410,P006,2026-07-20,0.426,1,0
R000410_05,C000410,P002,2026-04-21,0.734,1,0
R000411_01,C000411,P001,2026-05-03,0.474,0,0
R000411_02,C000411,P007,2026-05-13,0.401,0,0
R000411_03,C000411,P004,2026-04-24,0.517,0,0
R000411_04,C000411,P003,2026-06-08,0.032,0,0
R000411_05,C000411,P008,2026-03-23,0.433,1,0
R000412_01,C000412,P003,2026-06-12,0.427,0,0
R000412_02,C000412,P002,2026-07-23,0.623,0,0
R000412_03,C000412,P008,2026-04-10,0.594,0,0
R000413_01,C000413,P002,2026-03-22,0.487,0,0
R000413_02,C000413,P002,2026-06-21,0.683,0,0
R000413_03,C000413,P002,2026-02-19,0.664,0,0
R000413_04,C000413,P006,2026-02-18,0.6,0,0
R000414_01,C000414,P002,2026-07-24,0.446,1,1
R000414_02,C000414,P005,2026-06-29,0.413,1,1
R000414_03,C000414,P006,2026-08-13,0.607,1,0
R000414_04,C000414,P006,2026-07-05,0.409,1,0
R000415_01,C000415,P002,2026-08-01,0.462,0,0
R000415_02,C000415,P004,2026-02-16,0.777,1,1
R000415_03,C000415,P005,2026-02-11,0.665,0,0
R000415_04,C000415,P005,2026-08-01,0.689,1,0
R000415_05,C000415,P006,2026-03-27,0.763,0,0
R000416_01,C000416,P007,2026-04-05,0.588,0,0
R000416_02,C000416,P007,2026-04-21,0.553,0,0
R000416_03,C000416,P007,2026-07-10,0.71,1,1
R000417_01,C000417,P004,2026-06-23,0.484,0,0
R000417_02,C000417,P002,2026-03-15,0.337,1,0
R000418_01,C000418,P006,2026-06-24,0.568,0,0
R000418_02,C000418,P004,2026-07-15,0.15,0,0
R000418_03,C000418,P006,2026-04-10,0.268,0,0
R000418_04,C000418,P006,2026-05-21,0.335,1,0
R000419_01,C000419,P002,2026-07-25,0.462,0,0
R000419_02,C000419,P001,2026-07-04,0.365,1,0
R000419_03,C000419,P007,2026-03-19,0.131,0,0
R000419_04,C000419,P006,2026-06-21,0.357,1,0
R000420_01,C000420,P003,2026-05-06,0.262,0,0
R000420_02,C000420,P008,2026-03-16,0.249,0,0
R000420_03,C000420,P006,2026-03-26,0.242,0,0
R000421_01,C000421,P007,2026-02-18,0.479,1,0
R000421_02,C000421,P007,2026-03-20,0.546,0,0
R000421_03,C000421,P006,2026-05-18,0.761,1,0
R000421_04,C000421,P005,2026-06-21,0.384,1,0
R000421_05,C000421,P002,2026-04-16,0.381,0,0
R000422_01,C000422,P002,2026-08-09,0.576,0,0
R000422_02,C000422,P003,2026-06-28,0.374,0,0
R000422_03,C000422,P002,2026-05-18,0.525,1,1
R000423_01,C000423,P007,2026-03-17,0.476,0,0
R000423_02,C000423,P003,2026-04-29,0.765,0,0
R000423_03,C000423,P005,2026-08-05,0.545,1,1
R000423_04,C000423,P008,2026-03-31,0.251,0,0
R000424_01,C000424,P008,2026-03-16,0.351,0,0
R000424_02,C000424,P008,2026-07-18,0.457,1,0
R000424_03,C000424,P001,2026-03-18,0.496,0,0
R000425_01,C000425,P005,2026-08-14,0.471,1,0
R000425_02,C000425,P001,2026-05-17,0.572,1,0
R000425_03,C000425,P006,2026-04-26,0.353,1,0
R000426_01,C000426,P006,2026-04-09,0.272,0,0
R000426_02,C000426,P006,2026-08-09,0.615,1,1
R000427_01,C000427,P001,2026-02-22,0.625,0,0
R000427_02,C000427,P007,2026-05-24,0.697,1,0
R000427_03,C000427,P002,2026-08-15,0.629,0,0
R000427_04,C000427,P004,2026-05-08,0.752,1,0
R000427_05,C000427,P004,2026-08-13,0.47,0,0
R000428_01,C000428,P004,2026-07-28,0.538,0,0
R000428_02,C000428,P001,2026-07-04,0.485,1,1
R000428_03,C000428,P008,2026-02-17,0.379,0,0
R000429_01,C000429,P006,2026-04-18,0.345,0,0
R000429_02,C000429,P004,2026-04-24,0.535,1,0
R000429_03,C000429,P005,2026-06-17,0.339,1,0
R000429_04,C000429,P007,2026-02-16,0.594,0,0
R000430_01,C000430,P002,2026-05-15,0.435,1,0
R000430_02,C000430,P005,2026-05-25,0.365,1,0
R000431_01,C000431,P001,2026-06-26,0.428,1,1
R000431_02,C000431,P006,2026-04-16,0.485,0,0
R000431_03,C000431,P007,2026-02-14,0.489,0,0
R000432_01,C000432,P005,2026-08-14,0.336,0,0
R000432_02,C000432,P008,2026-02-15,0.038,0,0
R000432_03,C000432,P004,2026-06-16,0.424,1,0
R000433_01,C000433,P001,2026-07-22,0.152,0,0
R000433_02,C000433,P003,2026-06-07,0.504,1,0
R000433_03,C000433,P002,2026-08-13,0.449,0,0
R000433_04,C000433,P008,2026-05-04,0.448,0,0
R000433_05,C000433,P007,2026-05-22,0.41,0,0
R000434_01,C000434,P001,2026-04-14,0.463,1,1
R000434_02,C000434,P005,2026-05-30,0.498,0,0
R000435_01,C000435,P001,2026-05-25,0.549,0,0
R000435_02,C000435,P006,2026-05-20,0.281,1,0
R000435_03,C000435,P004,2026-04-02,0.184,0,0
R000435_04,C000435,P005,2026-07-08,0.558,0,0
R000435_05,C000435,P007,2026-02-26,0.522,0,0
R000436_01,C000436,P002,2026-07-23,0.397,0,0
R000436_02,C000436,P007,2026-03-20,0.355,0,0
R000436_03,C000436,P008,2026-06-25,0.407,0,0
R000436_04,C000436,P005,2026-07-12,0.342,0,0
R000437_01,C000437,P005,2026-05-20,0.478,1,0
R000437_02,C000437,P008,2026-08-02,0.379,0,0
R000437_03,C000437,P004,2026-07-27,0.37,0,0
R000438_01,C000438,P001,2026-04-24,0.331,0,0
R000438_02,C000438,P006,2026-07-12,0.449,0,0
R000438_03,C000438,P006,2026-05-19,0.394,1,0
R000439_01,C000439,P008,2026-03-31,0.387,0,0
R000439_02,C000439,P002,2026-02-27,0.459,1,0
R000439_03,C000439,P002,2026-05-12,0.44,0,0
R000439_04,C000439,P006,2026-05-26,0.316,0,0
R000440_01,C000440,P006,2026-08-15,0.325,0,0
R000440_02,C000440,P004,2026-04-02,0.414,0,0
R000440_03,C000440,P008,2026-08-02,0.79,0,0
R000440_04,C000440,P002,2026-06-15,0.538,1,0
R000440_05,C000440,P008,2026-08-03,0.377,0,0
R000441_01,C000441,P003,2026-05-08,0.571,0,0
R000441_02,C000441,P005,2026-04-16,0.586,1,0
R000441_03,C000441,P006,2026-02-17,0.382,0,0
R000442_01,C000442,P008,2026-06-07,0.406,1,0
R000442_02,C000442,P004,2026-07-25,0.381,0,0
R000443_01,C000443,P004,2026-02-21,0.468,1,0
R000443_02,C000443,P007,2026-03-08,0.51,0,0
R000444_01,C000444,P007,2026-08-09,0.538,0,0
R000444_02,C000444,P002,2026-04-07,0.53,1,0
R000444_03,C000444,P001,2026-03-22,0.457,0,0
R000445_01,C000445,P005,2026-08-06,0.323,0,0
R000445_02,C000445,P007,2026-06-05,0.491,1,0
R000446_01,C000446,P005,2026-04-26,0.825,1,1
R000446_02,C000446,P007,2026-02-25,0.442,0,0
R000446_03,C000446,P007,2026-05-28,0.678,0,0
R000447_01,C000447,P006,2026-06-20,0.263,1,0
R000447_02,C000447,P002,2026-07-28,0.433,0,0
R000447_03,C000447,P002,2026-03-12,0.432,0,0
R000447_04,C000447,P005,2026-07-30,0.332,1,1
R000448_01,C000448,P008,2026-03-13,0.333,0,0
R000448_02,C000448,P003,2026-05-23,0.449,0,0
R000449_01,C000449,P001,2026-04-12,0.691,1,0
R000449_02,C000449,P002,2026-03-30,0.183,0,0
R000449_03,C000449,P007,2026-07-26,0.576,0,0
R000450_01,C000450,P001,2026-07-08,0.483,0,0
R000450_02,C000450,P008,2026-06-18,0.471,1,0
R000450_03,C000450,P004,2026-06-12,0.432,0,0
R000450_04,C000450,P003,2026-07-27,0.426,0,0
R000450_05,C000450,P001,2026-07-10,0.484,0,0
R000451_01,C000451,P002,2026-03-16,0.346,1,0
R000451_02,C000451,P002,2026-04-25,0.297,0,0
R000451_03,C000451,P008,2026-03-03,0.462,0,0
R000451_04,C000451,P007,2026-07-17,0.5,0,0
R000452_01,C000452,P008,2026-07-03,0.533,0,0
R000452_02,C000452,P004,2026-08-12,0.353,1,0
R000452_03,C000452,P006,2026-02-25,0.509,1,0
R000453_01,C000453,P008,2026-03-29,0.417,0,0
R000453_02,C000453,P006,2026-06-07,0.448,1,0
R000453_03,C000453,P007,2026-07-25,0.451,0,0
R000454_01,C000454,P005,2026-03-26,0.291,0,0
R000454_02,C000454,P004,2026-04-24,0.478,0,0
R000455_01,C000455,P006,2026-04-23,0.461,1,0
R000455_02,C000455,P005,2026-08-11,0.643,0,0
R000455_03,C000455,P008,2026-08-13,0.133,0,0
R000456_01,C000456,P006,2026-04-06,0.306,0,0
R000456_02,C000456,P001,2026-05-27,0.198,1,0
R000456_03,C000456,P008,2026-07-02,0.357,0,0
R000456_04,C000456,P007,2026-05-28,0.213,0,0
R000457_01,C000457,P004,2026-02-24,0.674,1,1
R000457_02,C000457,P002,2026-07-06,0.518,1,0
R000457_03,C000457,P006,2026-08-15,0.612,0,0
R000457_04,C000457,P006,2026-06-21,0.569,1,0
R000457_05,C000457,P007,2026-07-11,0.463,0,0
R000458_01,C000458,P007,2026-05-25,0.34,0,0
R000458_02,C000458,P007,2026-07-17,0.496,0,0
R000459_01,C000459,P008,2026-07-03,0.413,0,0
R000459_02,C000459,P008,2026-07-17,0.552,1,1
R000459_03,C000459,P004,2026-06-22,0.527,1,0
R000459_04,C000459,P004,2026-06-19,0.336,1,0
R000460_01,C000460,P005,2026-05-26,0.418,0,0
R000460_02,C000460,P007,2026-04-21,0.45,1,0
R000461_01,C000461,P004,2026-06-30,0.439,0,0
R000461_02,C000461,P002,2026-06-26,0.17,0,0
R000461_03,C000461,P001,2026-08-19,0.427,1,1
R000461_04,C000461,P003,2026-06-04,0.523,1,1
R000462_01,C000462,P005,2026-05-14,0.498,1,0
R000462_02,C000462,P006,2026-08-18,0.515,1,0
R000462_03,C000462,P006,2026-03-02,0.43,0,0
R000462_04,C000462,P007,2026-08-01,0.314,0,0
R000463_01,C000463,P003,2026-04-14,0.56,0,0
R000463_02,C000463,P003,2026-07-04,0.404,1,1
R000463_03,C000463,P003,2026-05-26,0.435,0,0
R000463_04,C000463,P003,2026-03-12,0.489,0,0
R000464_01,C000464,P003,2026-06-03,0.502,1,1
R000464_02,C000464,P004,2026-06-08,0.455,0,0
R000464_03,C000464,P006,2026-02-26,0.428,1,0
R000464_04,C000464,P004,2026-03-31,0.515,1,0
R000465_01,C000465,P005,2026-08-19,0.231,0,0
R000465_02,C000465,P008,2026-08-17,0.435,0,0
R000465_03,C000465,P003,2026-08-11,0.294,0,0
R000466_01,C000466,P004,2026-07-30,0.444,0,0
R000466_02,C000466,P008,2026-02-21,0.558,1,0
R000466_03,C000466,P001,2026-02-20,0.596,1,0
R000466_04,C000466,P002,2026-04-13,0.397,1,0
R000467_01,C000467,P005,2026-07-25,0.087,0,0
R000467_02,C000467,P003,2026-05-17,0.347,0,0
R000468_01,C000468,P006,2026-05-27,0.374,1,0
R000468_02,C000468,P005,2026-06-14,0.447,0,0
R000468_03,C000468,P008,2026-08-07,0.553,0,0
R000468_04,C000468,P003,2026-04-02,0.4,1,0
R000468_05,C000468,P003,2026-07-13,0.407,0,0
R000469_01,C000469,P007,2026-04-25,0.278,0,0
R000469_02,C000469,P005,2026-02-13,0.2,0,0
R000470_01,C000470,P006,2026-07-01,0.597,1,1
R000470_02,C000470,P002,2026-08-08,0.289,0,0
R000470_03,C000470,P003,2026-07-22,0.306,0,0
R000470_04,C000470,P008,2026-05-06,0.48,1,1
R000471_01,C000471,P006,2026-08-18,0.671,0,0
R000471_02,C000471,P006,2026-04-19,0.513,0,0
R000471_03,C000471,P006,2026-07-19,0.529,0,0
R000471_04,C000471,P004,2026-06-20,0.468,0,0
R000472_01,C000472,P002,2026-07-19,0.422,1,1
R000472_02,C000472,P001,2026-08-10,0.24,0,0
R000472_03,C000472,P007,2026-06-28,0.412,0,0
R000473_01,C000473,P006,2026-04-18,0.324,0,0
R000473_02,C000473,P008,2026-07-11,0.39,1,0
R000473_03,C000473,P004,2026-03-16,0.612,0,0
R000473_04,C000473,P008,2026-07-22,0.335,0,0
R000473_05,C000473,P004,2026-06-15,0.491,0,0
R000474_01,C000474,P007,2026-05-05,0.391,1,1
R000474_02,C000474,P002,2026-05-15,0.467,1,0
R000474_03,C000474,P006,2026-04-20,0.539,1,1
R000475_01,C000475,P001,2026-05-06,0.554,0,0
R000475_02,C000475,P005,2026-05-25,0.635,1,1
R000476_01,C000476,P005,2026-06-17,0.372,0,0
R000476_02,C000476,P006,2026-06-11,0.481,1,0
R000476_03,C000476,P001,2026-03-25,0.476,0,0
R000477_01,C000477,P002,2026-02-15,0.417,1,0
R000477_02,C000477,P004,2026-05-08,0.17,0,0
R000477_03,C000477,P008,2026-07-04,0.288,0,0
R000477_04,C000477,P008,2026-03-17,0.284,0,0
R000477_05,C000477,P007,2026-07-18,0.253,0,0
R000478_01,C000478,P001,2026-03-05,0.408,1,0
R000478_02,C000478,P008,2026-08-12,0.318,0,0
R000478_03,C000478,P004,2026-04-26,0.467,0,0
R000478_04,C000478,P005,2026-02-25,0.51,0,0
R000479_01,C000479,P004,2026-06-06,0.277,0,0
R000479_02,C000479,P002,2026-05-30,0.291,0,0
R000479_03,C000479,P006,2026-02-12,0.334,0,0
R000479_04,C000479,P003,2026-02-23,0.348,1,1
R000479_05,C000479,P007,2026-08-14,0.429,0,0
R000480_01,C000480,P005,2026-05-13,0.184,0,0
R000480_02,C000480,P001,2026-07-10,0.215,1,0
R000480_03,C000480,P005,2026-05-08,0.483,0,0
R000480_04,C000480,P006,2026-03-08,0.374,1,0
R000480_05,C000480,P007,2026-02-27,0.372,1,0
R000481_01,C000481,P001,2026-07-10,0.596,1,1
R000481_02,C000481,P008,2026-08-17,0.654,1,1
R000482_01,C000482,P005,2026-04-20,0.482,1,0
R000482_02,C000482,P006,2026-05-07,0.678,1,0
R000482_03,C000482,P005,2026-05-19,0.573,0,0
R000482_04,C000482,P007,2026-02-12,0.582,1,1
R000482_05,C000482,P007,2026-06-11,0.667,0,0
R000483_01,C000483,P005,2026-03-29,0.694,0,0
R000483_02,C000483,P007,2026-05-28,0.452,0,0
R000483_03,C000483,P001,2026-07-23,0.303,0,0
R000483_04,C000483,P008,2026-07-12,0.317,0,0
R000483_05,C000483,P006,2026-06-20,0.447,1,0
R000484_01,C000484,P006,2026-08-08,0.333,1,0
R000484_02,C000484,P008,2026-04-27,0.5,0,0
R000484_03,C000484,P008,2026-04-11,0.438,1,0
R000484_04,C000484,P003,2026-08-02,0.454,1,0
R000484_05,C000484,P004,2026-04-01,0.387,0,0
R000485_01,C000485,P007,2026-02-25,0.449,0,0
R000485_02,C000485,P008,2026-02-18,0.561,0,0
R000486_01,C000486,P007,2026-07-16,0.613,0,0
R000486_02,C000486,P002,2026-04-17,0.14,0,0
R000486_03,C000486,P007,2026-07-26,0.585,0,0
R000487_01,C000487,P001,2026-06-02,0.294,0,0
R000487_02,C000487,P004,2026-05-25,0.617,1,0
R000487_03,C000487,P001,2026-06-18,0.271,0,0
R000487_04,C000487,P008,2026-07-20,0.479,0,0
R000487_05,C000487,P008,2026-06-27,0.429,0,0
R000488_01,C000488,P004,2026-04-29,0.62,0,0
R000488_02,C000488,P005,2026-03-16,0.518,0,0
R000488_03,C000488,P003,2026-06-28,0.622,1,1
R000488_04,C000488,P008,2026-07-18,0.55,0,0
R000489_01,C000489,P005,2026-05-08,0.305,0,0
R000489_02,C000489,P008,2026-04-04,0.413,0,0
R000490_01,C000490,P004,2026-08-02,0.592,1,1
R000490_02,C000490,P006,2026-03-25,0.219,1,0
R000491_01,C000491,P008,2026-07-07,0.298,0,0
R000491_02,C000491,P004,2026-02-18,0.437,0,0
R000492_01,C000492,P007,2026-04-20,0.576,0,0
R000492_02,C000492,P003,2026-07-15,0.696,0,0
R000492_03,C000492,P007,2026-07-06,0.36,0,0
R000492_04,C000492,P004,2026-08-07,0.566,1,0
R000492_05,C000492,P008,2026-05-22,0.496,1,0
R000493_01,C000493,P008,2026-06-14,0.155,0,0
R000493_02,C000493,P004,2026-07-19,0.304,0,0
R000493_03,C000493,P007,2026-07-22,0.328,0,0
R000493_04,C000493,P004,2026-05-29,0.349,1,0
R000493_05,C000493,P007,2026-02-23,0.441,1,0
R000494_01,C000494,P005,2026-02-14,0.033,0,0
R000494_02,C000494,P005,2026-07-28,0.349,0,0
R000495_01,C000495,P002,2026-05-29,0.693,1,1
R000495_02,C000495,P005,2026-03-04,0.583,0,0
R000495_03,C000495,P007,2026-06-20,0.535,0,0
R000495_04,C000495,P008,2026-03-01,0.711,1,0
R000495_05,C000495,P004,2026-05-31,0.671,0,0
R000496_01,C000496,P005,2026-05-14,0.224,1,1
R000496_02,C000496,P008,2026-05-27,0.46,0,0
R000497_01,C000497,P004,2026-04-07,0.31,0,0
R000497_02,C000497,P004,2026-05-07,0.269,0,0
R000497_03,C000497,P002,2026-05-27,0.422,0,0
R000498_01,C000498,P001,2026-08-09,0.636,0,0
R000498_02,C000498,P006,2026-03-28,0.471,0,0
R000498_03,C000498,P008,2026-07-16,0.667,1,0
R000498_04,C000498,P004,2026-08-18,0.711,0,0
R000499_01,C000499,P007,2026-06-20,0.456,1,0
R000499_02,C000499,P004,2026-05-17,0.481,0,0
R000499_03,C000499,P002,2026-05-29,0.684,0,0
R000499_04,C000499,P003,2026-02-22,0.369,0,0
R000500_01,C000500,P006,2026-06-15,0.352,0,0
R000500_02,C000500,P001,2026-02-25,0.201,1,0
R000500_03,C000500,P006,2026-06-23,0.452,0,0
R000500_04,C000500,P005,2026-02-20,0.336,0,0
R000501_01,C000501,P003,2026-08-07,0.552,0,0
R000501_02,C000501,P007,2026-04-23,0.504,1,0
R000502_01,C000502,P001,2026-03-10,0.332,1,0
R000502_02,C000502,P004,2026-08-07,0.426,1,0
R000502_03,C000502,P003,2026-07-17,0.615,0,0
R000502_04,C000502,P006,2026-06-18,0.488,0,0
R000503_01,C000503,P007,2026-08-12,0.086,0,0
R000503_02,C000503,P008,2026-06-08,0.31,0,0
R000503_03,C000503,P005,2026-05-25,0.162,0,0
R000504_01,C000504,P002,2026-04-27,0.34,0,0
R000504_02,C000504,P005,2026-02-24,0.477,0,0
R000504_03,C000504,P001,2026-02-27,0.325,0,0
R000504_04,C000504,P004,2026-05-21,0.486,0,0
R000505_01,C000505,P006,2026-04-05,0.56,1,0
R000505_02,C000505,P002,2026-04-02,0.274,1,0
R000505_03,C000505,P006,2026-04-08,0.382,0,0
R000506_01,C000506,P001,2026-08-04,0.21,0,0
R000506_02,C000506,P007,2026-06-17,0.232,0,0
R000506_03,C000506,P003,2026-07-29,0.367,0,0
R000506_04,C000506,P001,2026-06-04,0.492,1,0
R000506_05,C000506,P005,2026-08-08,0.284,1,0
R000507_01,C000507,P004,2026-02-12,0.301,1,0
R000507_02,C000507,P007,2026-08-06,0.573,0,0
R000507_03,C000507,P005,2026-06-21,0.495,0,0
R000508_01,C000508,P008,2026-07-14,0.634,0,0
R000508_02,C000508,P004,2026-07-19,0.496,0,0
R000508_03,C000508,P005,2026-03-26,0.628,1,0
R000508_04,C000508,P004,2026-03-04,0.547,1,0
R000509_01,C000509,P004,2026-04-08,0.444,0,0
R000509_02,C000509,P001,2026-06-14,0.538,0,0
R000510_01,C000510,P008,2026-04-30,0.511,1,0
R000510_02,C000510,P005,2026-04-10,0.44,1,1
R000510_03,C000510,P005,2026-05-16,0.711,1,0
R000510_04,C000510,P006,2026-06-04,0.529,1,0
R000510_05,C000510,P001,2026-04-08,0.623,0,0
R000511_01,C000511,P002,2026-06-01,0.299,1,1
R000511_02,C000511,P001,2026-04-14,0.155,0,0
R000511_03,C000511,P001,2026-04-19,0.54,1,1
R000512_01,C000512,P002,2026-07-31,0.573,1,1
R000512_02,C000512,P007,2026-07-30,0.417,1,0
R000513_01,C000513,P003,2026-03-10,0.477,0,0
R000513_02,C000513,P005,2026-04-01,0.679,1,1
R000513_03,C000513,P002,2026-04-06,0.786,0,0
R000513_04,C000513,P007,2026-06-25,0.667,0,0
R000514_01,C000514,P008,2026-07-30,0.353,0,0
R000514_02,C000514,P004,2026-03-25,0.322,0,0
R000514_03,C000514,P001,2026-07-24,0.313,0,0
R000514_04,C000514,P006,2026-07-21,0.274,0,0
R000515_01,C000515,P006,2026-04-20,0.612,1,1
R000515_02,C000515,P008,2026-04-19,0.438,0,0
R000515_03,C000515,P005,2026-03-20,0.507,1,0
R000515_04,C000515,P006,2026-03-19,0.227,0,0
R000516_01,C000516,P007,2026-05-12,0.3,0,0
R000516_02,C000516,P003,2026-05-10,0.401,0,0
R000516_03,C000516,P006,2026-06-11,0.469,1,0
R000517_01,C000517,P008,2026-05-14,0.389,0,0
R000517_02,C000517,P002,2026-08-19,0.497,0,0
R000517_03,C000517,P006,2026-02-17,0.252,0,0
R000517_04,C000517,P004,2026-06-30,0.439,1,1
R000518_01,C000518,P005,2026-04-11,0.619,1,0
R000518_02,C000518,P008,2026-06-12,0.403,0,0
R000518_03,C000518,P007,2026-07-20,0.6,1,0
R000518_04,C000518,P004,2026-03-15,0.371,0,0
R000518_05,C000518,P005,2026-05-02,0.488,0,0
R000519_01,C000519,P001,2026-04-02,0.246,0,0
R000519_02,C000519,P001,2026-02-15,0.129,1,0
R000519_03,C000519,P002,2026-03-29,0.378,0,0
R000519_04,C000519,P002,2026-02-28,0.325,1,0
R000519_05,C000519,P006,2026-05-26,0.307,0,0
R000520_01,C000520,P008,2026-07-16,0.59,0,0
R000520_02,C000520,P004,2026-07-14,0.295,0,0
R000520_03,C000520,P005,2026-03-31,0.375,1,0
R000521_01,C000521,P001,2026-03-27,0.742,1,1
R000521_02,C000521,P001,2026-04-03,0.546,1,0
R000521_03,C000521,P002,2026-06-16,0.414,0,0
R000522_01,C000522,P006,2026-08-07,0.605,0,0
R000522_02,C000522,P001,2026-07-31,0.526,0,0
R000523_01,C000523,P004,2026-07-07,0.279,0,0
R000523_02,C000523,P008,2026-05-25,0.387,0,0
R000523_03,C000523,P008,2026-06-01,0.469,0,0
R000524_01,C000524,P008,2026-07-29,0.609,0,0
R000524_02,C000524,P006,2026-06-04,0.477,0,0
R000525_01,C000525,P003,2026-05-26,0.118,0,0
R000525_02,C000525,P002,2026-03-19,0.151,0,0
R000526_01,C000526,P007,2026-05-14,0.416,0,0
R000526_02,C000526,P006,2026-04-09,0.402,1,0
R000526_03,C000526,P003,2026-06-06,0.602,0,0
R000526_04,C000526,P002,2026-05-06,0.673,1,1
R000527_01,C000527,P005,2026-02-13,0.31,1,0
R000527_02,C000527,P006,2026-05-24,0.39,0,0
R000527_03,C000527,P006,2026-04-19,0.353,0,0
R000528_01,C000528,P002,2026-04-26,0.414,0,0
R000528_02,C000528,P002,2026-06-22,0.456,0,0
R000528_03,C000528,P002,2026-06-23,0.613,0,0
R000529_01,C000529,P005,2026-07-15,0.357,0,0
R000529_02,C000529,P004,2026-02-19,0.479,1,0
R000530_01,C000530,P005,2026-02-14,0.582,0,0
R000530_02,C000530,P007,2026-04-10,0.586,1,1
R000531_01,C000531,P007,2026-03-25,0.574,0,0
R000531_02,C000531,P002,2026-07-02,0.314,1,0
R000531_03,C000531,P008,2026-02-13,0.503,1,0
R000532_01,C000532,P001,2026-07-05,0.484,0,0
R000532_02,C000532,P001,2026-04-24,0.673,0,0
R000532_03,C000532,P007,2026-06-04,0.482,0,0
R000532_04,C000532,P001,2026-03-10,0.77,0,0
R000533_01,C000533,P002,2026-03-01,0.681,0,0
R000533_02,C000533,P003,2026-03-04,0.543,0,0
R000534_01,C000534,P007,2026-02-15,0.478,1,1
R000534_02,C000534,P004,2026-05-25,0.331,0,0
R000534_03,C000534,P006,2026-03-05,0.368,0,0
R000534_04,C000534,P002,2026-06-13,0.546,0,0
R000534_05,C000534,P003,2026-02-14,0.449,0,0
R000535_01,C000535,P008,2026-04-20,0.422,0,0
R000535_02,C000535,P002,2026-03-04,0.437,1,0
R000535_03,C000535,P006,2026-02-25,0.413,1,0
R000536_01,C000536,P003,2026-05-22,0.667,1,0
R000536_02,C000536,P007,2026-04-11,0.39,0,0
R000536_03,C000536,P005,2026-04-26,0.445,1,0
R000536_04,C000536,P006,2026-06-12,0.735,0,0
R000536_05,C000536,P001,2026-03-05,0.614,0,0
R000537_01,C000537,P002,2026-06-26,0.545,0,0
R000537_02,C000537,P007,2026-04-10,0.724,0,0
R000538_01,C000538,P007,2026-03-15,0.409,0,0
R000538_02,C000538,P002,2026-07-18,0.283,1,0
R000539_01,C000539,P003,2026-04-17,0.428,0,0
R000539_02,C000539,P008,2026-03-07,0.279,0,0
R000540_01,C000540,P003,2026-06-01,0.444,1,0
R000540_02,C000540,P008,2026-02-28,0.253,1,0
R000541_01,C000541,P003,2026-03-02,0.315,0,0
R000541_02,C000541,P003,2026-06-30,0.436,0,0
R000541_03,C000541,P004,2026-03-01,0.541,0,0
R000541_04,C000541,P005,2026-06-19,0.558,0,0
R000541_05,C000541,P001,2026-02-16,0.358,0,0
R000542_01,C000542,P006,2026-05-04,0.429,0,0
R000542_02,C000542,P003,2026-06-23,0.219,0,0
R000542_03,C000542,P007,2026-04-10,0.361,0,0
R000542_04,C000542,P008,2026-07-18,0.569,1,0
R000543_01,C000543,P002,2026-06-05,0.515,0,0
R000543_02,C000543,P006,2026-02-14,0.492,1,0
R000543_03,C000543,P003,2026-07-02,0.286,0,0
R000543_04,C000543,P005,2026-03-18,0.36,0,0
R000544_01,C000544,P001,2026-07-06,0.427,0,0
R000544_02,C000544,P003,2026-06-03,0.612,1,0
R000544_03,C000544,P002,2026-02-15,0.402,0,0
R000544_04,C000544,P005,2026-07-30,0.827,1,1
R000545_01,C000545,P003,2026-02-21,0.663,0,0
R000545_02,C000545,P002,2026-06-04,0.631,0,0
R000546_01,C000546,P001,2026-05-23,0.453,0,0
R000546_02,C000546,P005,2026-03-27,0.395,0,0
R000546_03,C000546,P007,2026-05-18,0.305,1,0
R000546_04,C000546,P005,2026-06-09,0.312,0,0
R000547_01,C000547,P006,2026-02-21,0.292,0,0
R000547_02,C000547,P007,2026-02-19,0.59,1,0
R000547_03,C000547,P003,2026-04-07,0.319,1,0
R000548_01,C000548,P004,2026-04-02,0.287,0,0
R000548_02,C000548,P008,2026-04-24,0.454,0,0
R000548_03,C000548,P005,2026-07-21,0.347,0,0
R000549_01,C000549,P004,2026-06-16,0.3,0,0
R000549_02,C000549,P006,2026-04-25,0.742,0,0
R000549_03,C000549,P002,2026-03-08,0.861,0,0
R000550_01,C000550,P002,2026-03-11,0.65,0,0
R000550_02,C000550,P004,2026-06-30,0.61,0,0
R000550_03,C000550,P001,2026-02-26,0.533,0,0
R000550_04,C000550,P002,2026-07-05,0.508,1,0
R000550_05,C000550,P006,2026-06-09,0.564,0,0
R000551_01,C000551,P006,2026-07-31,0.329,0,0
R000551_02,C000551,P001,2026-07-19,0.282,0,0
R000551_03,C000551,P006,2026-08-11,0.788,1,0
R000552_01,C000552,P008,2026-06-02,0.344,1,0
R000552_02,C000552,P008,2026-07-06,0.224,0,0
R000552_03,C000552,P003,2026-03-13,0.492,0,0
R000552_04,C000552,P001,2026-04-01,0.374,1,0
R000552_05,C000552,P006,2026-04-08,0.413,0,0
R000553_01,C000553,P006,2026-07-26,0.628,0,0
R000553_02,C000553,P001,2026-08-12,0.695,1,0
R000553_03,C000553,P002,2026-03-25,0.606,0,0
R000553_04,C000553,P007,2026-07-10,0.522,1,0
R000554_01,C000554,P001,2026-05-15,0.343,0,0
R000554_02,C000554,P008,2026-06-21,0.284,0,0
R000554_03,C000554,P002,2026-04-21,0.27,1,0
R000554_04,C000554,P003,2026-05-12,0.569,0,0
R000554_05,C000554,P005,2026-06-19,0.406,1,0
R000555_01,C000555,P004,2026-04-03,0.442,1,0
R000555_02,C000555,P001,2026-08-02,0.433,0,0
R000556_01,C000556,P003,2026-05-10,0.266,1,0
R000556_02,C000556,P003,2026-07-24,0.419,0,0
R000556_03,C000556,P008,2026-06-28,0.272,1,0
R000557_01,C000557,P002,2026-04-02,0.406,0,0
R000557_02,C000557,P001,2026-03-09,0.344,0,0
R000557_03,C000557,P003,2026-06-29,0.356,0,0
R000557_04,C000557,P001,2026-02-22,0.253,0,0
R000558_01,C000558,P007,2026-05-21,0.598,0,0
R000558_02,C000558,P005,2026-05-18,0.493,0,0
R000558_03,C000558,P006,2026-03-26,0.59,1,1
R000559_01,C000559,P004,2026-04-23,0.603,1,0
R000559_02,C000559,P004,2026-03-13,0.551,1,0
R000559_03,C000559,P006,2026-02-28,0.402,0,0
R000560_01,C000560,P002,2026-02-26,0.538,0,0
R000560_02,C000560,P006,2026-04-10,0.279,0,0
R000560_03,C000560,P005,2026-07-10,0.465,1,0
R000560_04,C000560,P004,2026-07-31,0.375,0,0
R000560_05,C000560,P002,2026-04-15,0.458,0,0
R000561_01,C000561,P003,2026-02-23,0.609,0,0
R000561_02,C000561,P001,2026-07-12,0.448,1,0
R000561_03,C000561,P004,2026-08-09,0.411,0,0
R000561_04,C000561,P002,2026-05-07,0.55,1,0
R000561_05,C000561,P002,2026-06-28,0.43,0,0
R000562_01,C000562,P004,2026-06-16,0.476,1,0
R000562_02,C000562,P006,2026-07-16,0.361,0,0
R000562_03,C000562,P003,2026-03-23,0.583,0,0
R000563_01,C000563,P004,2026-04-07,0.384,0,0
R000563_02,C000563,P004,2026-03-27,0.63,0,0
R000563_03,C000563,P007,2026-03-01,0.517,0,0
R000563_04,C000563,P005,2026-05-09,0.553,1,1
R000564_01,C000564,P005,2026-06-05,0.165,0,0
R000564_02,C000564,P003,2026-03-20,0.383,0,0
R000564_03,C000564,P008,2026-03-26,0.462,0,0
R000564_04,C000564,P005,2026-07-07,0.407,0,0
R000565_01,C000565,P003,2026-03-22,0.443,1,0
R000565_02,C000565,P005,2026-05-22,0.786,1,0
R000565_03,C000565,P004,2026-06-28,0.529,0,0
R000566_01,C000566,P005,2026-07-25,0.519,1,0
R000566_02,C000566,P001,2026-05-06,0.227,0,0
R000566_03,C000566,P004,2026-02-14,0.46,0,0
R000566_04,C000566,P001,2026-06-18,0.49,0,0
R000566_05,C000566,P006,2026-04-12,0.62,0,0
R000567_01,C000567,P005,2026-04-25,0.377,0,0
R000567_02,C000567,P006,2026-08-13,0.671,1,0
R000568_01,C000568,P007,2026-06-20,0.501,1,0
R000568_02,C000568,P004,2026-04-17,0.377,1,0
R000568_03,C000568,P002,2026-06-29,0.532,1,0
R000568_04,C000568,P008,2026-06-15,0.487,0,0
R000568_05,C000568,P005,2026-04-22,0.63,1,0
R000569_01,C000569,P002,2026-08-04,0.463,0,0
R000569_02,C000569,P008,2026-07-03,0.656,1,0
R000569_03,C000569,P001,2026-05-29,0.647,0,0
R000570_01,C000570,P001,2026-06-23,0.585,0,0
R000570_02,C000570,P004,2026-02-16,0.789,1,1
R000570_03,C000570,P007,2026-06-28,0.888,1,0
R000570_04,C000570,P004,2026-03-07,0.758,1,0
R000570_05,C000570,P004,2026-04-03,0.595,1,0
R000571_01,C000571,P006,2026-05-29,0.214,0,0
R000571_02,C000571,P006,2026-07-12,0.644,0,0
R000572_01,C000572,P004,2026-04-16,0.408,1,0
R000572_02,C000572,P002,2026-05-24,0.303,0,0
R000572_03,C000572,P002,2026-07-07,0.495,0,0
R000573_01,C000573,P008,2026-06-29,0.683,0,0
R000573_02,C000573,P004,2026-03-22,0.653,0,0
R000574_01,C000574,P005,2026-04-04,0.327,1,0
R000574_02,C000574,P006,2026-06-07,0.705,0,0
R000574_03,C000574,P002,2026-05-18,0.836,1,0
R000575_01,C000575,P003,2026-02-28,0.376,0,0
R000575_02,C000575,P008,2026-04-13,0.433,0,0
R000575_03,C000575,P002,2026-03-15,0.263,0,0
R000576_01,C000576,P004,2026-08-07,0.631,0,0
R000576_02,C000576,P005,2026-07-15,0.237,1,1
R000577_01,C000577,P003,2026-05-19,0.48,0,0
R000577_02,C000577,P002,2026-05-27,0.419,0,0
R000577_03,C000577,P008,2026-02-26,0.498,0,0
R000577_04,C000577,P007,2026-05-03,0.528,0,0
R000577_05,C000577,P006,2026-06-23,0.572,0,0
R000578_01,C000578,P005,2026-05-25,0.488,0,0
R000578_02,C000578,P002,2026-04-15,0.479,0,0
R000578_03,C000578,P005,2026-04-09,0.439,0,0
R000578_04,C000578,P005,2026-02-16,0.615,0,0
R000579_01,C000579,P001,2026-06-30,0.54,0,0
R000579_02,C000579,P008,2026-02-15,0.397,1,0
R000580_01,C000580,P007,2026-03-30,0.65,0,0
R000580_02,C000580,P007,2026-07-16,0.561,0,0
R000580_03,C000580,P004,2026-07-22,0.478,0,0
R000580_04,C000580,P008,2026-05-05,0.422,1,0
R000581_01,C000581,P004,2026-04-27,0.388,0,0
R000581_02,C000581,P006,2026-04-30,0.496,0,0
R000581_03,C000581,P007,2026-06-06,0.366,0,0
R000581_04,C000581,P002,2026-07-15,0.59,0,0
R000581_05,C000581,P001,2026-04-10,0.515,0,0
R000582_01,C000582,P007,2026-07-18,0.465,1,0
R000582_02,C000582,P005,2026-05-16,0.496,1,0
R000582_03,C000582,P006,2026-06-14,0.481,1,0
R000582_04,C000582,P008,2026-07-22,0.397,1,0
R000582_05,C000582,P001,2026-08-10,0.572,0,0
R000583_01,C000583,P005,2026-02-21,0.656,1,1
R000583_02,C000583,P007,2026-03-04,0.691,0,0
R000583_03,C000583,P007,2026-08-07,0.472,0,0
R000583_04,C000583,P002,2026-02-26,0.546,0,0
R000583_05,C000583,P006,2026-08-19,0.599,1,0
R000584_01,C000584,P006,2026-02-22,0.328,0,0
R000584_02,C000584,P006,2026-03-19,0.469,0,0
R000584_03,C000584,P002,2026-07-11,0.331,0,0
R000585_01,C000585,P001,2026-03-02,0.612,0,0
R000585_02,C000585,P002,2026-03-11,0.506,1,0
R000585_03,C000585,P008,2026-03-14,0.414,0,0
R000585_04,C000585,P002,2026-06-30,0.547,1,0
R000586_01,C000586,P005,2026-03-07,0.63,0,0
R000586_02,C000586,P006,2026-03-23,0.498,0,0
R000587_01,C000587,P007,2026-04-07,0.512,1,0
R000587_02,C000587,P006,2026-03-26,0.574,0,0
R000587_03,C000587,P008,2026-04-07,0.603,0,0
R000588_01,C000588,P001,2026-08-16,0.495,0,0
R000588_02,C000588,P004,2026-07-19,0.449,1,0
R000588_03,C000588,P006,2026-06-03,0.446,0,0
R000589_01,C000589,P005,2026-07-07,0.246,0,0
R000589_02,C000589,P006,2026-04-16,0.307,0,0
R000590_01,C000590,P002,2026-05-28,0.216,0,0
R000590_02,C000590,P006,2026-07-12,0.312,0,0
R000590_03,C000590,P008,2026-07-03,0.531,0,0
R000590_04,C000590,P005,2026-02-16,0.276,0,0
R000591_01,C000591,P002,2026-03-11,0.625,1,1
R000591_02,C000591,P002,2026-04-03,0.234,0,0
R000591_03,C000591,P006,2026-08-02,0.603,1,1
R000591_04,C000591,P007,2026-04-11,0.328,1,0
R000591_05,C000591,P007,2026-08-12,0.228,0,0
R000592_01,C000592,P003,2026-03-24,0.658,0,0
R000592_02,C000592,P007,2026-07-08,0.282,1,0
R000592_03,C000592,P001,2026-06-29,0.356,0,0
R000592_04,C000592,P008,2026-08-19,0.406,1,0
R000593_01,C000593,P007,2026-03-24,0.225,1,1
R000593_02,C000593,P005,2026-06-20,0.299,0,0
R000593_03,C000593,P002,2026-06-08,0.376,0,0
R000593_04,C000593,P002,2026-03-01,0.551,1,0
R000593_05,C000593,P007,2026-05-15,0.572,1,0
R000594_01,C000594,P005,2026-08-04,0.498,0,0
R000594_02,C000594,P004,2026-05-11,0.563,1,0
R000594_03,C000594,P005,2026-06-24,0.616,1,0
R000594_04,C000594,P002,2026-05-08,0.672,1,1
R000595_01,C000595,P005,2026-06-18,0.599,1,0
R000595_02,C000595,P003,2026-06-01,0.292,0,0
R000595_03,C000595,P001,2026-05-19,0.34,1,0
R000595_04,C000595,P003,2026-06-13,0.579,1,1
R000595_05,C000595,P002,2026-08-08,0.561,1,0
R000596_01,C000596,P002,2026-07-03,0.576,1,0
R000596_02,C000596,P004,2026-03-12,0.803,1,0
R000597_01,C000597,P001,2026-03-07,0.464,0,0
R000597_02,C000597,P002,2026-05-26,0.725,0,0
R000597_03,C000597,P004,2026-06-07,0.631,0,0
R000598_01,C000598,P004,2026-05-30,0.49,0,0
R000598_02,C000598,P006,2026-06-16,0.612,0,0
R000598_03,C000598,P006,2026-08-10,0.358,1,0
R000598_04,C000598,P004,2026-03-09,0.656,1,0
R000598_05,C000598,P002,2026-06-19,0.426,0,0
R000599_01,C000599,P008,2026-05-11,0.634,1,1
R000599_02,C000599,P003,2026-03-10,0.589,0,0
R000599_03,C000599,P006,2026-03-10,0.6,0,0
R000599_04,C000599,P003,2026-08-19,0.341,0,0
R000600_01,C000600,P002,2026-03-06,0.746,1,0
R000600_02,C000600,P002,2026-04-19,0.53,0,0
R000600_03,C000600,P001,2026-03-02,0.636,0,0
